asset,period_type,period,ret_pct,max_drawdown_pct,prob_up_h7,share_signal_long,exposure_weighted_ret_pct
BTC,quarter,2021Q1,53.4,-21.3,,,
BTC,quarter,2021Q2,-40.4,-50.3,0.586,0.529,-44.8
BTC,quarter,2021Q3,25.0,-22.8,0.497,0.75,32.1
BTC,quarter,2021Q4,5.4,-31.7,0.537,0.957,-4.0
BTC,quarter,2022Q1,-1.4,-26.5,0.475,0.556,7.0
BTC,quarter,2022Q2,-56.2,-59.3,0.502,0.473,-44.9
BTC,quarter,2022Q3,-2.6,-24.5,0.422,0.38,-24.1
BTC,quarter,2022Q4,-14.9,-26.0,0.38,0.489,-5.1
BTC,quarter,2023Q1,72.3,-18.6,0.423,0.956,61.1
BTC,quarter,2023Q2,7.0,-17.6,0.391,1.0,7.4
BTC,quarter,2023Q3,-11.5,-20.1,0.411,0.663,-17.3
BTC,quarter,2023Q4,56.8,-6.6,0.417,0.957,48.8
BTC,quarter,2024Q1,68.7,-15.9,0.517,1.0,57.7
BTC,quarter,2024Q2,-12.1,-18.6,0.51,1.0,-9.8
BTC,quarter,2024Q3,1.0,-21.0,0.513,0.793,2.7
BTC,quarter,2024Q4,47.7,-12.7,0.544,0.924,49.2
BTC,quarter,2025Q1,-11.7,-26.0,0.538,0.944,-16.2
BTC,quarter,2025Q2,29.8,-10.5,0.482,0.912,28.3
BTC,quarter,2025Q3,6.5,-12.3,0.516,1.0,12.3
BTC,quarter,2025Q4,-23.3,-32.1,0.576,0.859,-14.1
BTC,quarter,2026Q1,-22.0,-35.3,0.518,0.6,-8.2
BTC,quarter,2026Q2,-14.2,-28.8,0.48,0.659,-9.9
BTC,quarter,2026Q3,34.9,-5.7,0.52,0.75,15.7
BTC,half-year,2021H1,-8.6,-50.3,0.586,0.529,-44.8
BTC,half-year,2021H2,31.8,-31.7,0.517,0.853,26.8
BTC,half-year,2022H1,-56.8,-60.3,0.488,0.514,-41.0
BTC,half-year,2022H2,-17.1,-35.6,0.401,0.435,-27.9
BTC,half-year,2023H1,84.4,-18.6,0.407,0.978,73.0
BTC,half-year,2023H2,38.8,-20.1,0.414,0.81,23.1
BTC,half-year,2024H1,48.3,-20.2,0.513,1.0,42.3
BTC,half-year,2024H2,49.1,-21.0,0.528,0.859,53.2
BTC,half-year,2025H1,14.6,-28.2,0.51,0.928,7.4
BTC,half-year,2025H2,-18.3,-32.1,0.546,0.929,-3.5
BTC,half-year,2026H1,-33.1,-39.6,0.499,0.63,-17.3
BTC,half-year,2026H2,34.9,-5.7,0.52,0.75,15.7
SPY,quarter,2016Q1,2.2,-9.2,,,
SPY,quarter,2016Q2,2.5,-5.5,0.538,0.387,0.2
SPY,quarter,2016Q3,3.8,-2.7,0.514,0.719,1.1
SPY,quarter,2016Q4,3.9,-3.5,0.521,0.952,4.7
SPY,quarter,2017Q1,5.9,-2.1,0.572,1.0,5.0
SPY,quarter,2017Q2,3.1,-1.8,0.592,1.0,3.5
SPY,quarter,2017Q3,4.4,-2.1,0.634,1.0,4.6
SPY,quarter,2017Q4,6.8,-1.0,0.663,1.0,7.1
SPY,quarter,2018Q1,-0.9,-10.0,0.745,1.0,-3.8
SPY,quarter,2018Q2,3.0,-3.3,0.709,1.0,5.6
SPY,quarter,2018Q3,7.6,-1.5,0.706,1.0,7.8
SPY,quarter,2018Q4,-13.4,-19.2,0.688,0.905,-14.0
SPY,quarter,2019Q1,13.4,-2.4,0.602,0.902,14.2
SPY,quarter,2019Q2,4.3,-6.6,0.688,1.0,3.9
SPY,quarter,2019Q3,1.7,-5.9,0.666,1.0,-0.3
SPY,quarter,2019Q4,9.0,-1.9,0.693,1.0,11.3
SPY,quarter,2020Q1,-19.6,-33.8,0.641,0.79,-22.9
SPY,quarter,2020Q2,20.6,-6.9,0.643,0.857,8.6
SPY,quarter,2020Q3,8.7,-9.5,0.642,1.0,8.9
SPY,quarter,2020Q4,12.4,-7.3,0.63,1.0,10.0
SPY,quarter,2021Q1,6.2,-4.1,0.647,1.0,8.9
SPY,quarter,2021Q2,8.4,-4.0,0.675,1.0,7.8
SPY,quarter,2021Q3,0.6,-5.0,0.657,1.0,1.2
SPY,quarter,2021Q4,11.1,-4.1,0.68,1.0,10.4
SPY,quarter,2022Q1,-4.6,-12.9,0.68,0.919,-7.4
SPY,quarter,2022Q2,-16.1,-19.7,0.629,0.774,0.9
SPY,quarter,2022Q3,-4.9,-16.5,0.591,0.781,0.4
SPY,quarter,2022Q4,7.6,-7.2,0.571,0.746,2.7
SPY,quarter,2023Q1,7.5,-7.5,0.606,0.935,2.2
SPY,quarter,2023Q2,8.7,-2.6,0.649,1.0,8.4
SPY,quarter,2023Q3,-3.2,-6.6,0.644,1.0,-3.4
SPY,quarter,2023Q4,11.6,-5.9,0.626,0.984,12.4
SPY,quarter,2024Q1,10.4,-1.7,0.634,1.0,10.8
SPY,quarter,2024Q2,4.4,-5.2,0.608,1.0,4.8
SPY,quarter,2024Q3,5.8,-8.4,0.618,1.0,4.6
SPY,quarter,2024Q4,2.5,-3.6,0.599,1.0,3.2
SPY,quarter,2025Q1,-4.3,-10.0,0.633,0.933,-4.7
SPY,quarter,2025Q2,10.8,-12.1,0.604,0.919,7.3
SPY,quarter,2025Q3,8.1,-2.4,0.604,1.0,8.5
SPY,quarter,2025Q4,2.7,-5.1,0.632,1.0,2.5
SPY,quarter,2026Q1,-4.4,-8.9,0.571,1.0,-3.8
SPY,quarter,2026Q2,15.1,-4.5,0.613,0.984,14.1
SPY,quarter,2026Q3,3.0,-3.4,0.581,1.0,3.2
SPY,half-year,2016H1,4.8,-9.2,0.538,0.387,0.2
SPY,half-year,2016H2,7.9,-4.3,0.517,0.835,5.9
SPY,half-year,2017H1,9.2,-2.6,0.582,1.0,8.6
SPY,half-year,2017H2,11.5,-2.1,0.649,1.0,12.0
SPY,half-year,2018H1,2.1,-10.0,0.726,1.0,1.5
SPY,half-year,2018H2,-6.9,-19.3,0.697,0.952,-7.3
SPY,half-year,2019H1,18.3,-6.6,0.645,0.952,18.7
SPY,half-year,2019H2,10.9,-5.9,0.679,1.0,11.0
SPY,half-year,2020H1,-3.0,-33.8,0.642,0.824,-16.3
SPY,half-year,2020H2,22.1,-9.5,0.636,1.0,19.8
SPY,half-year,2021H1,15.1,-4.1,0.662,1.0,17.4
SPY,half-year,2021H2,11.7,-5.1,0.668,1.0,11.7
SPY,half-year,2022H1,-20.0,-23.0,0.655,0.847,-6.6
SPY,half-year,2022H2,2.3,-16.7,0.581,0.764,3.1
SPY,half-year,2023H1,16.8,-7.5,0.628,0.968,10.8
SPY,half-year,2023H2,8.0,-10.0,0.635,0.992,8.6
SPY,half-year,2024H1,15.2,-5.4,0.621,1.0,16.1
SPY,half-year,2024H2,8.4,-8.4,0.609,1.0,7.9
SPY,half-year,2025H1,6.1,-18.8,0.618,0.926,2.3
SPY,half-year,2025H2,11.0,-5.1,0.618,1.0,11.2
SPY,half-year,2026H1,10.1,-8.9,0.592,0.992,9.7
SPY,half-year,2026H2,3.0,-3.4,0.581,1.0,3.2
TLT,quarter,2016Q1,8.0,-4.6,,,
TLT,quarter,2016Q2,7.0,-4.2,,,
TLT,quarter,2016Q3,-0.6,-6.7,,,
TLT,quarter,2016Q4,-12.6,-14.3,,,
TLT,quarter,2017Q1,1.7,-4.6,,,
TLT,quarter,2017Q2,4.3,-3.2,,,
TLT,quarter,2017Q3,0.3,-3.7,,,
TLT,quarter,2017Q4,2.5,-3.3,,,
TLT,quarter,2018Q1,-3.5,-7.2,,,
TLT,quarter,2018Q2,0.5,-4.5,,,
TLT,quarter,2018Q3,-3.0,-4.6,,,
TLT,quarter,2018Q4,4.6,-3.9,,,
TLT,quarter,2019Q1,4.5,-3.5,,,
TLT,quarter,2019Q2,5.7,-1.9,,,
TLT,quarter,2019Q3,8.4,-7.5,,,
TLT,quarter,2019Q4,-4.7,-7.4,,,
TLT,quarter,2020Q1,22.1,-15.7,,,
TLT,quarter,2020Q2,-0.2,-8.6,,,
TLT,quarter,2020Q3,-0.1,-6.1,,,
TLT,quarter,2020Q4,-3.0,-4.9,,,
TLT,quarter,2021Q1,-13.9,-14.8,,,
TLT,quarter,2021Q2,7.0,-3.3,,,
TLT,quarter,2021Q3,0.4,-5.1,,,
TLT,quarter,2021Q4,3.2,-4.9,,,
TLT,quarter,2022Q1,-10.6,-10.6,,,
TLT,quarter,2022Q2,-12.6,-17.5,,,
TLT,quarter,2022Q3,-10.3,-15.7,,,
TLT,quarter,2022Q4,-1.9,-11.0,,,
TLT,quarter,2023Q1,7.4,-8.0,,,
TLT,quarter,2023Q2,-2.5,-7.4,,,
TLT,quarter,2023Q3,-13.1,-13.6,,,
TLT,quarter,2023Q4,12.9,-6.4,,,
TLT,quarter,2024Q1,-3.7,-6.3,,,
TLT,quarter,2024Q2,-2.0,-5.3,,,
TLT,quarter,2024Q3,7.9,-3.5,,,
TLT,quarter,2024Q4,-9.7,-10.6,,,
TLT,quarter,2025Q1,4.9,-3.9,,,
TLT,quarter,2025Q2,-2.0,-9.2,,,
TLT,quarter,2025Q3,2.4,-3.5,,,
TLT,quarter,2025Q4,-1.0,-4.4,,,
TLT,quarter,2026Q1,0.2,-5.4,,,
TLT,quarter,2026Q2,0.9,-4.4,,,
TLT,quarter,2026Q3,-3.4,-4.5,,,
TLT,half-year,2016H1,15.5,-4.6,,,
TLT,half-year,2016H2,-13.2,-18.0,,,
TLT,half-year,2017H1,6.1,-4.6,,,
TLT,half-year,2017H2,2.9,-5.1,,,
TLT,half-year,2018H1,-3.0,-7.2,,,
TLT,half-year,2018H2,1.4,-7.9,,,
TLT,half-year,2019H1,10.5,-3.5,,,
TLT,half-year,2019H2,3.3,-8.2,,,
TLT,half-year,2020H1,21.9,-15.7,,,
TLT,half-year,2020H2,-3.0,-9.3,,,
TLT,half-year,2021H1,-7.9,-14.8,,,
TLT,half-year,2021H2,3.6,-6.7,,,
TLT,half-year,2022H1,-21.9,-24.0,,,
TLT,half-year,2022H2,-12.0,-22.7,,,
TLT,half-year,2023H1,4.7,-8.0,,,
TLT,half-year,2023H2,-1.9,-18.9,,,
TLT,half-year,2024H1,-5.6,-10.2,,,
TLT,half-year,2024H2,-2.6,-12.8,,,
TLT,half-year,2025H1,2.8,-9.2,,,
TLT,half-year,2025H2,1.4,-4.4,,,
TLT,half-year,2026H1,1.0,-7.6,,,
TLT,half-year,2026H2,-3.4,-4.5,,,
AAPL,quarter,2010Q1,9.8,-10.7,,,
AAPL,quarter,2010Q2,7.0,-12.9,0.614,0.7,3.0
AAPL,quarter,2010Q3,12.8,-9.1,0.601,0.812,5.9
AAPL,quarter,2010Q4,13.7,-5.7,0.711,0.938,12.9
AAPL,quarter,2011Q1,8.0,-9.1,0.765,1.0,4.5
AAPL,quarter,2011Q2,-3.7,-10.7,0.632,0.984,-2.1
AAPL,quarter,2011Q3,13.6,-12.4,0.597,1.0,9.1
AAPL,quarter,2011Q4,6.2,-13.9,0.593,1.0,9.8
AAPL,quarter,2012Q1,48.0,-2.9,0.662,1.0,50.4
AAPL,quarter,2012Q2,-2.6,-16.7,0.6,1.0,-4.2
AAPL,quarter,2012Q3,14.7,-6.4,0.633,1.0,11.8
AAPL,quarter,2012Q4,-19.9,-23.8,0.583,0.952,-16.2
AAPL,quarter,2013Q1,-16.3,-23.0,0.516,0.883,-11.2
AAPL,quarter,2013Q2,-9.8,-14.5,0.499,0.828,-12.0
AAPL,quarter,2013Q3,21.0,-11.3,0.589,0.938,14.6
AAPL,quarter,2013Q4,18.4,-4.1,0.565,1.0,14.0
AAPL,quarter,2014Q1,-3.8,-10.3,0.528,1.0,-1.5
AAPL,quarter,2014Q2,21.9,-4.5,0.602,1.0,21.5
AAPL,quarter,2014Q3,9.0,-5.3,0.608,1.0,6.6
AAPL,quarter,2014Q4,10.0,-10.3,0.615,1.0,10.7
AAPL,quarter,2015Q1,13.2,-8.1,0.619,1.0,14.1
AAPL,quarter,2015Q2,1.2,-6.0,0.61,1.0,2.3
AAPL,quarter,2015Q3,-11.7,-21.6,0.433,0.75,8.5
AAPL,quarter,2015Q4,-4.2,-13.8,0.444,0.703,-9.7
AAPL,quarter,2016Q1,4.1,-11.3,0.492,0.787,-2.9
AAPL,quarter,2016Q2,-11.8,-18.9,0.539,0.703,-3.9
AAPL,quarter,2016Q3,18.9,-5.8,0.571,0.875,7.8
AAPL,quarter,2016Q4,3.0,-10.1,0.514,1.0,3.8
AAPL,quarter,2017Q1,24.6,-1.1,0.574,1.0,24.3
AAPL,quarter,2017Q2,0.7,-8.9,0.592,1.0,0.3
AAPL,quarter,2017Q3,7.4,-8.2,0.549,1.0,7.6
AAPL,quarter,2017Q4,10.2,-4.1,0.533,1.0,12.4
AAPL,quarter,2018Q1,-0.5,-13.4,0.539,0.984,-4.0
AAPL,quarter,2018Q2,10.8,-8.9,0.592,0.984,12.3
AAPL,quarter,2018Q3,22.4,-4.7,0.579,1.0,21.8
AAPL,quarter,2018Q4,-29.9,-36.5,0.586,0.968,-27.8
AAPL,quarter,2019Q1,20.9,-10.0,0.596,0.951,18.1
AAPL,quarter,2019Q2,4.6,-17.8,0.593,0.968,1.4
AAPL,quarter,2019Q3,13.6,-9.2,0.596,1.0,11.9
AAPL,quarter,2019Q4,31.5,-3.1,0.67,1.0,34.1
AAPL,quarter,2020Q1,-13.2,-31.4,0.59,0.984,-21.8
AAPL,quarter,2020Q2,43.8,-6.5,0.734,0.968,41.4
AAPL,quarter,2020Q3,27.2,-20.4,0.69,1.0,28.5
AAPL,quarter,2020Q4,14.8,-12.6,0.635,1.0,11.0
AAPL,quarter,2021Q1,-7.8,-18.6,0.584,1.0,-4.8
AAPL,quarter,2021Q2,12.3,-8.8,0.689,1.0,11.8
AAPL,quarter,2021Q3,3.5,-9.7,0.713,1.0,4.1
AAPL,quarter,2021Q4,25.7,-5.4,0.723,1.0,27.8
AAPL,quarter,2022Q1,-1.5,-17.1,0.611,1.0,-4.1
AAPL,quarter,2022Q2,-21.6,-27.0,0.61,0.839,-15.9
AAPL,quarter,2022Q3,1.2,-20.8,0.598,0.906,-0.3
AAPL,quarter,2022Q4,-5.8,-18.9,0.595,0.651,-14.4
AAPL,quarter,2023Q1,27.1,-6.5,0.594,0.871,18.4
AAPL,quarter,2023Q2,17.8,-3.7,0.713,1.0,16.0
AAPL,quarter,2023Q3,-11.6,-13.1,0.618,1.0,-9.6
AAPL,quarter,2023Q4,12.6,-7.6,0.669,1.0,7.0
AAPL,quarter,2024Q1,-10.8,-13.3,0.603,1.0,-8.3
AAPL,quarter,2024Q2,23.0,-6.5,0.563,0.857,29.5
AAPL,quarter,2024Q3,10.8,-11.7,0.529,1.0,4.5
AAPL,quarter,2024Q4,7.6,-6.1,0.551,1.0,7.9
AAPL,quarter,2025Q1,-11.2,-15.1,0.541,0.883,-12.3
AAPL,quarter,2025Q2,-7.5,-23.0,0.57,0.5,3.0
AAPL,quarter,2025Q3,24.2,-5.6,0.565,0.953,27.8
AAPL,quarter,2025Q4,6.9,-5.3,0.54,1.0,6.2
AAPL,quarter,2026Q1,-6.6,-11.2,0.546,1.0,-5.6
AAPL,quarter,2026Q2,14.1,-12.7,0.536,1.0,15.3
AAPL,quarter,2026Q3,12.4,-11.0,0.537,1.0,10.5
AAPL,half-year,2010H1,17.5,-12.9,0.614,0.7,3.0
AAPL,half-year,2010H2,28.2,-9.1,0.656,0.875,19.6
AAPL,half-year,2011H1,4.1,-13.2,0.698,0.992,2.4
AAPL,half-year,2011H2,20.7,-13.9,0.595,1.0,19.8
AAPL,half-year,2012H1,44.2,-16.7,0.631,1.0,44.1
AAPL,half-year,2012H2,-8.1,-27.1,0.608,0.976,-6.4
AAPL,half-year,2013H1,-24.6,-28.5,0.507,0.855,-21.8
AAPL,half-year,2013H2,43.2,-11.3,0.577,0.969,30.7
AAPL,half-year,2014H1,17.3,-10.3,0.566,1.0,19.7
AAPL,half-year,2014H2,19.9,-10.3,0.611,1.0,18.0
AAPL,half-year,2015H1,14.6,-8.1,0.614,1.0,16.7
AAPL,half-year,2015H2,-15.3,-21.6,0.439,0.727,-2.1
AAPL,half-year,2016H1,-8.1,-18.9,0.516,0.744,-6.7
AAPL,half-year,2016H2,22.4,-10.1,0.543,0.937,11.8
AAPL,half-year,2017H1,25.4,-8.9,0.583,1.0,24.6
AAPL,half-year,2017H2,18.4,-8.2,0.541,1.0,20.9
AAPL,half-year,2018H1,10.3,-13.4,0.566,0.984,7.8
AAPL,half-year,2018H2,-14.2,-36.5,0.582,0.984,-12.1
AAPL,half-year,2019H1,26.5,-17.8,0.595,0.96,19.8
AAPL,half-year,2019H2,49.4,-9.2,0.633,1.0,50.0
AAPL,half-year,2020H1,24.9,-31.4,0.662,0.976,10.5
AAPL,half-year,2020H2,46.0,-20.4,0.663,1.0,42.7
AAPL,half-year,2021H1,3.5,-18.6,0.638,1.0,6.4
AAPL,half-year,2021H2,30.0,-11.2,0.718,1.0,33.0
AAPL,half-year,2022H1,-22.8,-28.3,0.61,0.919,-19.4
AAPL,half-year,2022H2,-4.7,-27.7,0.596,0.78,-14.7
AAPL,half-year,2023H1,49.7,-6.5,0.653,0.935,37.3
AAPL,half-year,2023H2,-0.5,-14.9,0.643,1.0,-3.3
AAPL,half-year,2024H1,9.7,-15.4,0.583,0.927,18.7
AAPL,half-year,2024H2,19.2,-11.7,0.54,1.0,12.8
AAPL,half-year,2025H1,-17.9,-30.2,0.556,0.689,-9.7
AAPL,half-year,2025H2,32.8,-5.6,0.552,0.977,35.8
AAPL,half-year,2026H1,6.6,-12.7,0.541,1.0,8.8
AAPL,half-year,2026H2,12.4,-11.0,0.537,1.0,10.5
MSFT,quarter,2010Q1,-4.9,-10.9,,,
MSFT,quarter,2010Q2,-21.1,-26.4,0.384,0.1,-3.2
MSFT,quarter,2010Q3,7.0,-10.4,0.402,0.547,-8.7
MSFT,quarter,2010Q4,14.7,-7.7,0.417,0.906,13.7
MSFT,quarter,2011Q1,-8.5,-13.7,0.455,0.935,-9.6
MSFT,quarter,2011Q2,3.1,-10.6,0.507,0.54,5.2
MSFT,quarter,2011Q3,-3.7,-14.1,0.419,0.812,-16.8
MSFT,quarter,2011Q4,5.1,-10.4,0.426,0.952,2.1
MSFT,quarter,2012Q1,25.1,-2.9,0.534,1.0,21.4
MSFT,quarter,2012Q2,-4.6,-11.7,0.434,1.0,-4.7
MSFT,quarter,2012Q3,-2.1,-6.9,0.463,1.0,-2.9
MSFT,quarter,2012Q4,-9.5,-11.5,0.476,0.565,10.9
MSFT,quarter,2013Q1,8.0,-4.2,0.508,0.717,-0.4
MSFT,quarter,2013Q2,21.6,-6.7,0.541,1.0,20.9
MSFT,quarter,2013Q3,-3.0,-13.5,0.532,1.0,-1.6
MSFT,quarter,2013Q4,13.3,-6.9,0.551,1.0,11.5
MSFT,quarter,2014Q1,10.4,-5.9,0.511,1.0,12.3
MSFT,quarter,2014Q2,2.4,-5.7,0.554,1.0,1.8
MSFT,quarter,2014Q3,11.9,-4.7,0.651,1.0,10.3
MSFT,quarter,2014Q4,0.8,-8.6,0.61,1.0,2.5
MSFT,quarter,2015Q1,-11.8,-15.1,0.584,0.721,-14.7
MSFT,quarter,2015Q2,9.3,-9.6,0.523,0.968,10.9
MSFT,quarter,2015Q3,0.9,-14.4,0.588,0.812,1.8
MSFT,quarter,2015Q4,26.2,-3.8,0.547,1.0,23.7
MSFT,quarter,2016Q1,0.3,-10.5,0.579,1.0,2.1
MSFT,quarter,2016Q2,-6.7,-13.6,0.646,0.859,-14.3
MSFT,quarter,2016Q3,13.3,-3.4,0.617,0.938,10.5
MSFT,quarter,2016Q4,8.6,-4.7,0.543,1.0,9.7
MSFT,quarter,2017Q1,6.6,-4.0,0.606,1.0,5.4
MSFT,quarter,2017Q2,5.3,-5.6,0.553,1.0,4.6
MSFT,quarter,2017Q3,8.6,-3.8,0.519,1.0,10.0
MSFT,quarter,2017Q4,15.4,-4.5,0.482,1.0,15.8
MSFT,quarter,2018Q1,7.2,-10.5,0.559,1.0,3.5
MSFT,quarter,2018Q2,8.5,-4.8,0.582,1.0,13.5
MSFT,quarter,2018Q3,16.4,-4.9,0.57,1.0,16.0
MSFT,quarter,2018Q4,-10.8,-18.2,0.693,1.0,-12.2
MSFT,quarter,2019Q1,16.6,-4.6,0.545,0.951,12.0
MSFT,quarter,2019Q2,14.0,-7.9,0.587,1.0,14.4
MSFT,quarter,2019Q3,4.1,-6.5,0.679,1.0,1.4
MSFT,quarter,2019Q4,13.8,-3.7,0.628,1.0,17.6
MSFT,quarter,2020Q1,0.3,-28.0,0.591,1.0,-5.0
MSFT,quarter,2020Q2,29.4,-6.0,0.531,1.0,34.9
MSFT,quarter,2020Q3,3.6,-13.5,0.631,1.0,4.0
MSFT,quarter,2020Q4,6.0,-9.2,0.667,1.0,2.7
MSFT,quarter,2021Q1,6.2,-7.2,0.629,1.0,11.6
MSFT,quarter,2021Q2,15.2,-8.8,0.641,1.0,12.3
MSFT,quarter,2021Q3,4.3,-7.6,0.722,1.0,6.6
MSFT,quarter,2021Q4,19.5,-6.8,0.634,1.0,16.0
MSFT,quarter,2022Q1,-8.1,-17.4,0.683,0.871,-10.9
MSFT,quarter,2022Q2,-16.5,-22.9,0.545,0.565,-14.9
MSFT,quarter,2022Q3,-9.1,-20.5,0.578,0.719,-16.0
MSFT,quarter,2022Q4,3.3,-14.5,0.532,0.587,14.6
MSFT,quarter,2023Q1,20.5,-9.3,0.523,0.855,21.0
MSFT,quarter,2023Q2,18.4,-5.6,0.553,1.0,17.9
MSFT,quarter,2023Q3,-7.1,-13.0,0.652,1.0,-4.6
MSFT,quarter,2023Q4,19.3,-4.4,0.597,1.0,15.5
MSFT,quarter,2024Q1,12.1,-4.2,0.619,1.0,14.7
MSFT,quarter,2024Q2,6.4,-9.0,0.627,1.0,7.8
MSFT,quarter,2024Q3,-3.6,-15.5,0.602,1.0,-7.7
MSFT,quarter,2024Q4,-1.8,-7.3,0.575,0.922,0.1
MSFT,quarter,2025Q1,-10.8,-15.9,0.591,0.767,-6.8
MSFT,quarter,2025Q2,32.7,-8.0,0.559,0.903,30.1
MSFT,quarter,2025Q3,4.3,-7.4,0.604,1.0,5.8
MSFT,quarter,2025Q4,-6.5,-12.7,0.586,1.0,-8.8
MSFT,quarter,2026Q1,-23.3,-26.0,0.57,0.541,-9.5
MSFT,quarter,2026Q2,1.0,-23.4,0.548,0.613,6.6
MSFT,quarter,2026Q3,33.4,-5.1,0.575,0.795,3.0
MSFT,half-year,2010H1,-25.0,-26.4,0.384,0.1,-3.2
MSFT,half-year,2010H2,22.7,-10.4,0.41,0.727,3.8
MSFT,half-year,2011H1,-5.7,-16.8,0.481,0.736,-4.9
MSFT,half-year,2011H2,1.2,-14.1,0.422,0.882,-15.1
MSFT,half-year,2012H1,19.4,-12.8,0.483,1.0,15.7
MSFT,half-year,2012H2,-11.4,-15.5,0.469,0.784,7.7
MSFT,half-year,2013H1,31.3,-6.7,0.525,0.863,20.4
MSFT,half-year,2013H2,9.9,-13.5,0.541,1.0,9.7
MSFT,half-year,2014H1,13.1,-5.9,0.533,1.0,14.3
MSFT,half-year,2014H2,12.8,-10.1,0.631,1.0,13.1
MSFT,half-year,2015H1,-3.7,-15.1,0.553,0.847,-5.4
MSFT,half-year,2015H2,27.3,-14.4,0.567,0.906,25.9
MSFT,half-year,2016H1,-6.5,-13.6,0.613,0.928,-12.5
MSFT,half-year,2016H2,23.0,-4.7,0.581,0.969,21.2
MSFT,half-year,2017H1,12.2,-5.6,0.579,1.0,10.2
MSFT,half-year,2017H2,25.4,-4.5,0.5,1.0,27.4
MSFT,half-year,2018H1,16.3,-10.5,0.571,1.0,17.4
MSFT,half-year,2018H2,3.8,-18.2,0.631,1.0,1.9
MSFT,half-year,2019H1,32.9,-7.9,0.566,0.976,28.1
MSFT,half-year,2019H2,18.5,-6.5,0.654,1.0,19.2
MSFT,half-year,2020H1,29.8,-28.0,0.561,1.0,28.1
MSFT,half-year,2020H2,9.8,-13.5,0.649,1.0,6.9
MSFT,half-year,2021H1,22.4,-8.8,0.635,1.0,25.3
MSFT,half-year,2021H2,24.6,-7.6,0.678,1.0,23.7
MSFT,half-year,2022H1,-23.3,-27.3,0.614,0.718,-24.2
MSFT,half-year,2022H2,-6.2,-26.8,0.555,0.654,-3.7
MSFT,half-year,2023H1,42.7,-9.3,0.538,0.927,42.7
MSFT,half-year,2023H2,10.9,-13.0,0.624,1.0,10.2
MSFT,half-year,2024H1,19.3,-9.3,0.623,1.0,23.6
MSFT,half-year,2024H2,-5.3,-15.5,0.588,0.961,-7.6
MSFT,half-year,2025H1,18.5,-20.6,0.575,0.836,21.3
MSFT,half-year,2025H2,-2.4,-12.7,0.595,1.0,-3.5
MSFT,half-year,2026H1,-22.5,-26.7,0.559,0.577,-3.6
MSFT,half-year,2026H2,33.4,-5.1,0.575,0.795,3.0
TSLA,quarter,2010Q2,-0.3,-0.3,,,
TSLA,quarter,2010Q3,-14.4,-28.1,,,
TSLA,quarter,2010Q4,30.5,-28.0,0.677,0.806,4.6
TSLA,quarter,2011Q1,4.2,-23.3,0.545,0.629,7.2
TSLA,quarter,2011Q2,5.0,-13.7,0.497,0.921,13.6
TSLA,quarter,2011Q3,-16.3,-26.2,0.542,0.859,-5.2
TSLA,quarter,2011Q4,17.1,-21.1,0.53,1.0,18.3
TSLA,quarter,2012Q1,30.4,-19.3,0.559,0.968,10.2
TSLA,quarter,2012Q2,-16.0,-27.5,0.518,0.937,-23.3
TSLA,quarter,2012Q3,-6.4,-27.4,0.515,0.778,-4.7
TSLA,quarter,2012Q4,15.7,-8.3,0.555,0.903,6.3
TSLA,quarter,2013Q1,11.9,-12.9,0.543,1.0,24.2
TSLA,quarter,2013Q2,183.3,-16.1,0.607,1.0,166.7
TSLA,quarter,2013Q3,80.1,-16.1,0.626,1.0,64.7
TSLA,quarter,2013Q4,-22.2,-37.6,0.613,1.0,-22.2
TSLA,quarter,2014Q1,38.6,-18.6,0.625,1.0,44.6
TSLA,quarter,2014Q2,15.2,-22.4,0.499,1.0,10.5
TSLA,quarter,2014Q3,1.1,-15.2,0.603,1.0,0.2
TSLA,quarter,2014Q4,-8.4,-24.1,0.537,0.938,-16.3
TSLA,quarter,2015Q1,-15.1,-16.3,0.551,0.672,-9.3
TSLA,quarter,2015Q2,42.1,-2.8,0.595,0.921,30.5
TSLA,quarter,2015Q3,-7.4,-22.5,0.571,0.969,-19.3
TSLA,quarter,2015Q4,-3.4,-16.4,0.584,0.812,1.8
TSLA,quarter,2016Q1,-4.3,-35.7,0.525,0.656,20.0
TSLA,quarter,2016Q2,-7.6,-27.2,0.518,0.734,-10.7
TSLA,quarter,2016Q3,-3.9,-17.2,0.502,0.703,-9.9
TSLA,quarter,2016Q4,4.7,-15.1,0.432,0.587,-12.3
TSLA,quarter,2017Q1,30.2,-13.3,0.603,1.0,37.6
TSLA,quarter,2017Q2,29.9,-8.5,0.566,1.0,18.1
TSLA,quarter,2017Q3,-5.7,-12.4,0.507,1.0,-3.1
TSLA,quarter,2017Q4,-8.7,-16.8,0.476,0.857,-4.6
TSLA,quarter,2018Q1,-14.5,-27.9,0.523,0.885,-25.7
TSLA,quarter,2018Q2,28.9,-10.4,0.553,0.719,36.0
TSLA,quarter,2018Q3,-22.8,-30.6,0.577,0.857,-21.2
TSLA,quarter,2018Q4,25.7,-21.6,0.502,0.921,-8.7
TSLA,quarter,2019Q1,-15.9,-25.0,0.554,0.852,-4.8
TSLA,quarter,2019Q2,-20.2,-38.7,0.494,0.317,1.7
TSLA,quarter,2019Q3,7.8,-20.2,0.505,0.719,-3.8
TSLA,quarter,2019Q4,73.7,-8.5,0.517,0.938,71.8
TSLA,quarter,2020Q1,25.3,-60.6,0.579,1.0,11.9
TSLA,quarter,2020Q2,106.1,-12.4,0.507,1.0,132.5
TSLA,quarter,2020Q3,98.7,-33.7,0.591,1.0,100.1
TSLA,quarter,2020Q4,64.5,-15.9,0.603,1.0,62.8
TSLA,quarter,2021Q1,-5.3,-36.2,0.613,1.0,-9.3
TSLA,quarter,2021Q2,1.8,-26.1,0.549,0.937,-4.1
TSLA,quarter,2021Q3,14.1,-7.8,0.591,1.0,14.4
TSLA,quarter,2021Q4,36.3,-26.8,0.604,1.0,54.8
TSLA,quarter,2022Q1,2.0,-36.3,0.499,1.0,-9.6
TSLA,quarter,2022Q2,-37.5,-45.2,0.481,0.871,-28.9
TSLA,quarter,2022Q3,18.2,-14.2,0.628,0.906,-2.4
TSLA,quarter,2022Q4,-53.6,-56.3,0.458,0.619,-25.6
TSLA,quarter,2023Q1,68.4,-19.3,0.481,0.742,62.3
TSLA,quarter,2023Q2,26.2,-21.1,0.49,0.677,45.6
TSLA,quarter,2023Q3,-4.4,-26.5,0.425,1.0,-10.1
TSLA,quarter,2023Q4,-0.7,-25.1,0.503,0.968,-4.2
TSLA,quarter,2024Q1,-29.3,-34.6,0.536,0.246,-17.7
TSLA,quarter,2024Q2,12.6,-19.7,0.474,0.397,10.2
TSLA,quarter,2024Q3,32.2,-27.2,0.424,0.984,21.9
TSLA,quarter,2024Q4,54.4,-17.2,0.39,1.0,47.0
TSLA,quarter,2025Q1,-35.8,-48.1,0.458,0.95,-27.9
TSLA,quarter,2025Q2,22.6,-21.5,0.5,0.871,27.2
TSLA,quarter,2025Q3,40.0,-9.0,0.442,0.906,35.7
TSLA,quarter,2025Q4,1.1,-16.5,0.478,1.0,-4.7
TSLA,quarter,2026Q1,-17.3,-21.3,0.395,1.0,-13.0
TSLA,quarter,2026Q2,13.1,-15.8,0.513,0.774,-7.2
TSLA,quarter,2026Q3,-15.1,-29.9,0.564,0.727,-11.6
TSLA,half-year,2010H1,-0.3,-0.3,,,
TSLA,half-year,2010H2,11.7,-28.1,0.677,0.806,4.6
TSLA,half-year,2011H1,9.4,-23.3,0.521,0.776,21.7
TSLA,half-year,2011H2,-2.0,-26.2,0.536,0.929,12.1
TSLA,half-year,2012H1,9.6,-27.5,0.538,0.952,-15.5
TSLA,half-year,2012H2,8.2,-27.4,0.535,0.84,1.3
TSLA,half-year,2013H1,217.0,-16.1,0.576,1.0,231.4
TSLA,half-year,2013H2,40.1,-37.7,0.619,1.0,28.1
TSLA,half-year,2014H1,59.6,-29.9,0.561,1.0,59.7
TSLA,half-year,2014H2,-7.4,-30.8,0.57,0.969,-16.1
TSLA,half-year,2015H1,20.6,-16.3,0.574,0.798,18.3
TSLA,half-year,2015H2,-10.5,-26.7,0.577,0.891,-17.9
TSLA,half-year,2016H1,-11.6,-35.7,0.521,0.696,7.2
TSLA,half-year,2016H2,0.7,-22.7,0.467,0.646,-20.9
TSLA,half-year,2017H1,69.2,-13.3,0.585,1.0,62.5
TSLA,half-year,2017H2,-13.9,-22.3,0.492,0.929,-7.6
TSLA,half-year,2018H1,10.1,-29.4,0.538,0.8,1.1
TSLA,half-year,2018H2,-3.0,-34.0,0.539,0.889,-28.1
TSLA,half-year,2019H1,-32.9,-48.5,0.523,0.581,-3.2
TSLA,half-year,2019H2,87.2,-20.2,0.511,0.828,65.2
TSLA,half-year,2020H1,158.1,-60.6,0.543,1.0,160.2
TSLA,half-year,2020H2,226.8,-33.7,0.597,1.0,225.9
TSLA,half-year,2021H1,-3.7,-36.2,0.581,0.968,-13.0
TSLA,half-year,2021H2,55.5,-26.8,0.598,1.0,77.0
TSLA,half-year,2022H1,-36.3,-47.6,0.49,0.935,-35.7
TSLA,half-year,2022H2,-45.1,-64.7,0.544,0.764,-27.4
TSLA,half-year,2023H1,112.5,-28.2,0.486,0.71,136.3
TSLA,half-year,2023H2,-5.1,-32.7,0.464,0.984,-13.9
TSLA,half-year,2024H1,-20.4,-42.8,0.505,0.323,-9.3
TSLA,half-year,2024H2,104.1,-27.2,0.407,0.992,79.1
TSLA,half-year,2025H1,-21.3,-48.2,0.48,0.91,-8.3
TSLA,half-year,2025H2,41.6,-16.5,0.46,0.953,29.4
TSLA,half-year,2026H1,-6.5,-24.0,0.454,0.886,-19.2
TSLA,half-year,2026H2,-15.1,-29.9,0.564,0.727,-11.6
NVDA,quarter,2010Q1,-5.9,-18.5,,,
NVDA,quarter,2010Q2,-41.3,-43.3,0.215,0.3,-9.3
NVDA,quarter,2010Q3,14.4,-19.5,0.248,0.609,14.1
NVDA,quarter,2010Q4,31.8,-5.7,0.618,0.906,43.1
NVDA,quarter,2011Q1,19.9,-32.0,0.594,1.0,15.0
NVDA,quarter,2011Q2,-13.7,-24.8,0.613,1.0,-11.3
NVDA,quarter,2011Q3,-21.5,-27.4,0.469,0.844,-34.4
NVDA,quarter,2011Q4,10.8,-16.8,0.505,0.54,45.0
NVDA,quarter,2012Q1,11.1,-12.6,0.58,0.855,8.7
NVDA,quarter,2012Q2,-10.3,-23.5,0.47,0.46,-18.1
NVDA,quarter,2012Q3,-3.5,-11.0,0.542,0.873,7.8
NVDA,quarter,2012Q4,-7.5,-16.4,0.472,0.694,6.4
NVDA,quarter,2013Q1,5.3,-8.9,0.486,0.533,-5.3
NVDA,quarter,2013Q2,10.0,-6.1,0.48,0.844,7.2
NVDA,quarter,2013Q3,11.4,-3.5,0.466,1.0,10.8
NVDA,quarter,2013Q4,3.5,-8.2,0.518,1.0,2.5
NVDA,quarter,2014Q1,12.3,-6.1,0.444,1.0,18.1
NVDA,quarter,2014Q2,4.0,-6.7,0.495,1.0,1.0
NVDA,quarter,2014Q3,-0.0,-9.9,0.541,1.0,-2.1
NVDA,quarter,2014Q4,9.1,-8.5,0.478,0.984,6.1
NVDA,quarter,2015Q1,4.8,-10.8,0.501,1.0,4.8
NVDA,quarter,2015Q2,-3.5,-11.2,0.555,0.984,-3.8
NVDA,quarter,2015Q3,23.1,-14.4,0.545,0.938,9.8
NVDA,quarter,2015Q4,34.2,-5.5,0.574,1.0,34.4
NVDA,quarter,2016Q1,8.5,-23.3,0.633,1.0,12.1
NVDA,quarter,2016Q2,32.3,-6.8,0.54,1.0,29.4
NVDA,quarter,2016Q3,46.0,-5.7,0.598,1.0,47.0
NVDA,quarter,2016Q4,56.0,-9.0,0.646,1.0,49.3
NVDA,quarter,2017Q1,2.2,-17.9,0.683,1.0,6.4
NVDA,quarter,2017Q2,32.8,-11.9,0.643,1.0,28.7
NVDA,quarter,2017Q3,23.8,-9.5,0.646,1.0,28.6
NVDA,quarter,2017Q4,8.3,-14.2,0.635,1.0,11.4
NVDA,quarter,2018Q1,19.8,-13.4,0.673,1.0,11.0
NVDA,quarter,2018Q2,2.4,-11.7,0.624,1.0,9.7
NVDA,quarter,2018Q3,18.7,-7.1,0.62,1.0,19.5
NVDA,quarter,2018Q4,-52.4,-56.0,0.647,0.905,-52.2
NVDA,quarter,2019Q1,34.6,-17.8,0.523,0.77,38.5
NVDA,quarter,2019Q2,-8.4,-30.3,0.575,0.746,-15.6
NVDA,quarter,2019Q3,6.1,-16.7,0.574,0.828,-11.3
NVDA,quarter,2019Q4,35.3,-6.1,0.526,1.0,38.0
NVDA,quarter,2020Q1,12.1,-37.6,0.534,1.0,1.4
NVDA,quarter,2020Q2,44.2,-8.5,0.576,1.0,56.9
NVDA,quarter,2020Q3,42.5,-17.0,0.629,1.0,42.9
NVDA,quarter,2020Q4,-3.5,-12.3,0.665,1.0,-3.7
NVDA,quarter,2021Q1,2.3,-24.4,0.615,0.984,-2.5
NVDA,quarter,2021Q2,49.9,-15.3,0.6,1.0,46.4
NVDA,quarter,2021Q3,3.6,-12.3,0.63,1.0,2.6
NVDA,quarter,2021Q4,42.0,-16.9,0.639,1.0,45.2
NVDA,quarter,2022Q1,-7.2,-29.2,0.597,0.968,-13.4
NVDA,quarter,2022Q2,-44.4,-44.6,0.593,0.71,-19.6
NVDA,quarter,2022Q3,-19.9,-36.8,0.539,0.734,-10.3
NVDA,quarter,2022Q4,20.4,-22.3,0.454,0.571,6.5
NVDA,quarter,2023Q1,90.1,-10.1,0.543,0.952,92.6
NVDA,quarter,2023Q2,52.3,-7.2,0.6,1.0,51.7
NVDA,quarter,2023Q3,2.8,-16.9,0.594,1.0,5.6
NVDA,quarter,2023Q4,13.9,-14.1,0.595,1.0,7.6
NVDA,quarter,2024Q1,82.5,-8.7,0.605,1.0,87.6
NVDA,quarter,2024Q2,36.7,-15.9,0.587,1.0,37.6
NVDA,quarter,2024Q3,-1.7,-26.7,0.523,1.0,-5.9
NVDA,quarter,2024Q4,10.6,-13.4,0.593,1.0,18.2
NVDA,quarter,2025Q1,-19.3,-28.4,0.536,0.85,-24.9
NVDA,quarter,2025Q2,45.8,-15.2,0.567,0.903,56.1
NVDA,quarter,2025Q3,18.1,-8.8,0.631,1.0,22.1
NVDA,quarter,2025Q4,-0.0,-17.4,0.59,1.0,0.9
NVDA,quarter,2026Q1,-6.5,-15.5,0.557,1.0,-6.9
NVDA,quarter,2026Q2,14.9,-18.2,0.547,1.0,12.6
NVDA,quarter,2026Q3,12.2,-10.6,0.453,1.0,13.6
NVDA,half-year,2010H1,-44.8,-45.9,0.215,0.3,-9.3
NVDA,half-year,2010H2,50.8,-19.5,0.433,0.758,63.3
NVDA,half-year,2011H1,3.5,-40.0,0.604,1.0,2.1
NVDA,half-year,2011H2,-13.0,-27.4,0.487,0.693,-4.9
NVDA,half-year,2012H1,-0.3,-28.7,0.525,0.656,-11.0
NVDA,half-year,2012H2,-10.7,-23.2,0.507,0.784,14.8
NVDA,half-year,2013H1,15.8,-8.9,0.483,0.694,1.5
NVDA,half-year,2013H2,15.3,-9.1,0.492,1.0,13.7
NVDA,half-year,2014H1,16.8,-6.7,0.47,1.0,19.3
NVDA,half-year,2014H2,9.1,-16.2,0.51,0.992,3.9
NVDA,half-year,2015H1,1.2,-13.9,0.528,0.992,0.7
NVDA,half-year,2015H2,65.2,-14.4,0.56,0.969,47.6
NVDA,half-year,2016H1,43.5,-23.3,0.585,1.0,45.0
NVDA,half-year,2016H2,127.8,-9.0,0.622,1.0,119.4
NVDA,half-year,2017H1,35.7,-19.7,0.663,1.0,36.9
NVDA,half-year,2017H2,34.1,-14.2,0.64,1.0,43.3
NVDA,half-year,2018H1,22.6,-14.5,0.648,1.0,21.7
NVDA,half-year,2018H2,-43.6,-56.0,0.633,0.952,-42.9
NVDA,half-year,2019H1,23.3,-30.3,0.55,0.758,16.9
NVDA,half-year,2019H2,43.5,-16.7,0.55,0.914,22.4
NVDA,half-year,2020H1,61.6,-37.6,0.555,1.0,59.1
NVDA,half-year,2020H2,37.5,-17.0,0.647,1.0,37.7
NVDA,half-year,2021H1,53.3,-24.4,0.608,0.992,42.8
NVDA,half-year,2021H2,47.1,-16.9,0.635,1.0,49.1
NVDA,half-year,2022H1,-48.4,-49.7,0.595,0.839,-30.3
NVDA,half-year,2022H2,-3.5,-41.6,0.497,0.654,-4.5
NVDA,half-year,2023H1,189.5,-10.1,0.572,0.976,192.2
NVDA,half-year,2023H2,17.1,-18.3,0.594,1.0,13.6
NVDA,half-year,2024H1,149.5,-19.8,0.595,1.0,158.1
NVDA,half-year,2024H2,8.7,-26.7,0.558,1.0,11.3
NVDA,half-year,2025H1,17.7,-36.9,0.552,0.877,17.2
NVDA,half-year,2025H2,18.1,-17.4,0.611,1.0,23.2
NVDA,half-year,2026H1,7.4,-18.2,0.552,1.0,4.8
NVDA,half-year,2026H2,12.2,-10.6,0.453,1.0,13.6
