asset,label,type,direction,start,end,days,move_pct,shock_sessions,shock_share_of_move,spy_pct,tlt_pct,headline_themes,narrative,narrative_confidence,origins,prob_up_h7,share_p50_h7_negative,share_consensus_sell,share_consensus_buy,share_signal_long,mean_exposure_pct,exposure_weighted_ret_pct
BTC,BTC/USD,crypto,down,2021-02-21,2021-02-28,7,-21.3,0,-0.0,-2.6,-0.1,,,,,,,,,,,
BTC,BTC/USD,crypto,up,2021-02-28,2021-03-13,13,35.3,0,0.0,3.7,-4.8,,,,,,,,,,,
BTC,BTC/USD,crypto,up,2021-03-25,2021-04-13,19,24.0,0,0.0,5.9,1.1,,,,9.0,0.652,0.0,0.0,1.0,0.889,88.9,2.6
BTC,BTC/USD,crypto,down,2021-04-13,2021-04-25,12,-22.8,0,-0.0,0.9,1.1,,,,13.0,0.645,0.0,0.0,0.538,0.538,53.8,-14.5
BTC,BTC/USD,crypto,up,2021-04-25,2021-05-08,13,20.1,1,0.53,1.3,-0.5,,,,14.0,0.591,0.0,0.0,0.0,0.143,14.3,-2.0
BTC,BTC/USD,crypto,down,2021-05-08,2021-06-08,31,-43.3,2,0.51,0.0,1.0,,Tesla stopped Bitcoin payments; China banned institutional services and mining,high,32.0,0.607,0.0,0.0,0.031,0.594,59.4,-30.2
BTC,BTC/USD,crypto,up,2021-06-08,2021-06-14,6,21.3,0,0.0,0.7,0.5,,,,7.0,0.512,0.429,0.0,0.0,0.429,42.9,-5.0
BTC,BTC/USD,crypto,down,2021-06-14,2021-07-20,36,-26.5,0,-0.0,1.7,6.4,,,,37.0,0.46,0.784,0.027,0.0,0.351,35.1,-10.0
BTC,BTC/USD,crypto,up,2021-07-20,2021-09-06,48,77.0,1,0.13,5.1,-1.0,,,,49.0,0.501,0.429,0.0,0.02,0.918,91.8,36.1
BTC,BTC/USD,crypto,down,2021-09-06,2021-09-21,15,-22.8,2,0.82,-4.0,1.8,,,,16.0,0.573,0.062,0.0,0.625,0.875,87.5,-18.4
BTC,BTC/USD,crypto,up,2021-09-21,2021-11-08,48,66.0,1,0.19,8.1,-1.0,,,,49.0,0.5,0.469,0.0,0.0,0.918,91.8,56.8
BTC,BTC/USD,crypto,down,2021-11-08,2022-01-22,75,-48.1,2,0.31,-6.3,-3.4,,"Fed pivot to tightening (taper doubled, QT signalled), Omicron, Kazakhstan hash-rate hit, Russia ban proposal",high,76.0,0.549,0.329,0.0,0.026,0.737,73.7,-36.7
BTC,BTC/USD,crypto,up,2022-01-22,2022-02-15,24,27.0,1,0.45,1.9,-5.9,,,,25.0,0.463,0.72,0.0,0.0,0.8,80.0,17.9
BTC,BTC/USD,crypto,up,2022-02-21,2022-03-01,8,19.9,1,0.75,-1.0,2.3,,,,9.0,0.504,0.667,0.0,0.111,0.111,11.1,2.9
BTC,BTC/USD,crypto,up,2022-03-13,2022-03-29,16,25.6,0,0.0,10.2,-3.1,,,,17.0,0.441,0.824,0.059,0.059,0.706,70.6,17.3
BTC,BTC/USD,crypto,down,2022-03-29,2022-06-18,81,-60.1,5,0.53,-20.4,-13.8,,"Tightening cycle (50 bp May, 75 bp June; CPI 8%+) with Terra, Celsius and Three Arrows failing inside it",high,82.0,0.501,0.512,0.012,0.122,0.488,48.8,-40.8
BTC,BTC/USD,crypto,up,2022-06-18,2022-08-13,56,29.1,1,0.29,16.7,3.5,,,,57.0,0.421,0.877,0.193,0.018,0.404,40.4,-16.5
BTC,BTC/USD,crypto,down,2022-08-13,2022-09-06,24,-23.2,1,0.41,-8.5,-6.8,,,,25.0,0.446,0.76,0.16,0.04,0.52,52.0,-6.5
BTC,BTC/USD,crypto,up,2022-09-06,2022-09-12,6,19.2,1,0.57,5.2,-0.1,,,,7.0,0.381,1.0,0.286,0.0,0.143,14.3,-9.9
BTC,BTC/USD,crypto,down,2022-11-05,2022-11-21,16,-26.0,2,0.86,4.8,6.2,,,,17.0,0.475,0.647,0.059,0.0,0.353,35.3,-13.6
BTC,BTC/USD,crypto,up,2022-11-21,2023-02-20,91,57.6,7,0.8,3.7,3.1,,,,92.0,0.391,0.978,0.37,0.0,0.707,70.7,36.7
BTC,BTC/USD,crypto,up,2023-03-10,2023-04-14,35,50.8,3,0.61,7.3,-0.2,,,,36.0,0.421,0.667,0.333,0.0,1.0,100.0,49.9
BTC,BTC/USD,crypto,up,2023-06-14,2023-07-13,29,25.3,1,0.16,3.2,0.1,,,,30.0,0.338,0.967,0.567,0.0,1.0,100.0,20.6
BTC,BTC/USD,crypto,down,2023-07-13,2023-09-11,60,-20.1,2,0.5,-0.2,-7.5,,,,61.0,0.405,0.967,0.033,0.0,0.705,70.5,-19.7
BTC,BTC/USD,crypto,up,2023-09-11,2024-01-08,119,86.8,5,0.5,6.6,5.1,{'Fed / rates': 1},Spot-ETF anticipation after Grayscale's court win (29 Aug) through approval on 10 Jan 2024,high,120.0,0.434,0.783,0.242,0.017,0.85,85.0,55.3
BTC,BTC/USD,crypto,up,2024-01-22,2024-03-13,51,85.1,3,0.36,6.7,0.4,"{'Fed / rates': 18, 'flows': 7, 'AI / product': 6}",Spot-ETF inflows after launch drove a new all-time high in March ahead of the halving,high,52.0,0.511,0.365,0.0,0.0,1.0,100.0,80.6
BTC,BTC/USD,crypto,up,2024-05-01,2024-05-20,19,22.5,1,0.36,5.9,2.9,"{'Fed / rates': 16, 'earnings / guidance': 5, 'flows': 5}",,,20.0,0.51,0.4,0.05,0.1,1.0,100.0,20.2
BTC,BTC/USD,crypto,down,2024-05-20,2024-07-07,48,-21.9,3,0.54,5.0,2.2,"{'Fed / rates': 28, 'AI / product': 16, 'flows': 14}",,,49.0,0.476,0.653,0.0,0.0,1.0,100.0,-20.6
BTC,BTC/USD,crypto,up,2024-07-07,2024-07-28,21,22.3,1,0.32,-1.8,0.5,"{'Fed / rates': 10, 'macro sell-off': 8, 'earnings / guidance': 6}",,,22.0,0.509,0.5,0.045,0.045,1.0,100.0,19.7
BTC,BTC/USD,crypto,down,2024-07-28,2024-08-05,8,-20.9,2,0.58,-5.0,6.6,"{'Fed / rates': 7, 'macro sell-off': 6, 'earnings / guidance': 5}",,,9.0,0.557,0.222,0.0,0.0,1.0,100.0,-17.9
BTC,BTC/USD,crypto,up,2024-08-05,2024-08-25,20,19.1,1,0.65,8.7,-0.4,"{'macro sell-off': 10, 'Fed / rates': 9, 'flows': 7}",,,21.0,0.512,0.381,0.095,0.0,0.667,66.7,18.8
BTC,BTC/USD,crypto,up,2024-09-06,2024-12-17,102,96.7,3,0.35,12.2,-8.0,"{'Fed / rates': 43, 'macro sell-off': 19, 'earnings / guidance': 18}",Fed cutting cycle began (18 Sep); Trump's election win (5 Nov) priced as pro-crypto; $100k reached 5 Dec,high,103.0,0.523,0.369,0.01,0.019,0.893,89.3,69.9
BTC,BTC/USD,crypto,down,2024-12-17,2025-04-08,112,-28.2,5,0.95,-17.3,-1.1,"{'Fed / rates': 35, 'tariffs': 25, 'flows': 18}",,,113.0,0.551,0.248,0.018,0.159,0.912,91.2,-21.5
BTC,BTC/USD,crypto,up,2025-04-08,2025-10-06,181,63.6,6,0.62,36.1,2.6,"{'Fed / rates': 26, 'tariffs': 20, 'flows': 15}",,,182.0,0.497,0.462,0.055,0.022,0.984,98.4,51.5
BTC,BTC/USD,crypto,down,2025-10-06,2025-11-22,47,-32.1,2,0.32,-1.9,1.3,"{'macro sell-off': 12, 'flows': 8, 'Fed / rates': 6}",10 Oct tariff shock and record $19bn liquidation; ETF outflows and the break below $100k (4 Nov) — archive headlines,medium,48.0,0.612,0.062,0.0,0.417,0.792,79.2,-22.4
BTC,BTC/USD,crypto,down,2026-01-14,2026-02-05,22,-35.3,4,0.73,-1.8,-0.6,"{'macro sell-off': 8, 'earnings / guidance': 6, 'AI / product': 5}","Greenland tariff scare (20 Jan), Fed pause (28-29 Jan), cross-asset deleveraging with the software and metals rout (5 Feb) — archive headlines",medium,23.0,0.509,0.609,0.0,0.0,0.348,34.8,-20.4
BTC,BTC/USD,crypto,up,2026-02-05,2026-05-10,94,30.9,2,0.62,9.2,-0.5,"{'geopolitics': 50, 'macro sell-off': 25, 'Fed / rates': 11}",,,95.0,0.505,0.421,0.042,0.084,0.674,67.4,21.8
BTC,BTC/USD,crypto,down,2026-05-10,2026-06-30,51,-28.8,1,0.2,1.5,0.8,"{'geopolitics': 16, 'macro sell-off': 10, 'Fed / rates': 8}",,,52.0,0.491,0.558,0.0,0.019,0.596,59.6,-21.3
BTC,BTC/USD,crypto,up,2026-06-30,2026-08-27,58,37.1,5,0.82,3.3,-3.1,"{'geopolitics': 21, 'Fed / rates': 15, 'flows': 11}",,,59.0,0.519,0.273,0.051,0.017,0.729,72.9,14.1
SPY,S&P 500 (SPY),index,up,2016-02-11,2016-06-08,118,16.1,0,0.0,16.1,0.5,,,,15.0,0.531,0.333,0.0,0.467,0.333,33.3,0.7
SPY,S&P 500 (SPY),index,up,2016-06-27,2018-01-26,578,48.0,9,0.27,48.0,-7.9,,Post-Brexit recovery into the 2017 earnings and tax-cut melt-up,high,400.0,0.589,0.172,0.02,0.165,0.94,94.0,38.4
SPY,S&P 500 (SPY),index,down,2018-01-26,2018-02-08,13,-10.0,3,0.96,-10.0,-3.8,,,,10.0,0.782,0.0,0.0,1.0,1.0,100.0,-8.7
SPY,S&P 500 (SPY),index,up,2018-02-08,2018-03-09,29,8.1,0,0.0,8.1,-0.5,,,,21.0,0.732,0.0,0.0,0.667,1.0,100.0,8.1
SPY,S&P 500 (SPY),index,down,2018-03-09,2018-04-02,24,-7.2,1,0.33,-7.2,3.6,,,,16.0,0.751,0.0,0.0,0.625,1.0,100.0,-6.1
SPY,S&P 500 (SPY),index,up,2018-04-02,2018-09-20,171,14.0,0,0.0,14.0,-2.8,,,,121.0,0.708,0.0,0.0,0.306,1.0,100.0,13.9
SPY,S&P 500 (SPY),index,down,2018-09-20,2018-10-29,39,-9.8,3,0.82,-9.8,-1.8,,,,28.0,0.758,0.0,0.0,0.75,0.964,96.4,-10.2
SPY,S&P 500 (SPY),index,down,2018-12-03,2018-12-24,21,-15.6,1,0.19,-15.6,5.0,,"December 2018 Fed hike into a slowdown, trade war, government shutdown",high,15.0,0.673,0.0,0.0,0.667,1.0,100.0,-11.4
SPY,S&P 500 (SPY),index,up,2018-12-24,2019-05-03,130,26.0,3,0.31,26.0,2.8,,,,90.0,0.62,0.144,0.0,0.122,0.933,93.3,24.9
SPY,S&P 500 (SPY),index,up,2019-06-03,2019-07-26,53,10.5,0,0.0,10.5,-0.5,,,,39.0,0.697,0.0,0.0,0.256,1.0,100.0,10.3
SPY,S&P 500 (SPY),index,up,2019-08-14,2020-02-19,189,20.3,0,0.0,20.3,0.9,,,,130.0,0.685,0.015,0.0,0.354,1.0,100.0,19.8
SPY,S&P 500 (SPY),index,down,2020-02-19,2020-02-28,9,-12.4,3,0.83,-12.4,6.7,,,,8.0,0.65,0.0,0.0,0.625,0.75,75.0,-12.0
SPY,S&P 500 (SPY),index,down,2020-03-04,2020-03-12,8,-18.5,1,0.36,-18.5,1.8,,COVID crash (this leg is the 4-12 March segment of it),high,7.0,0.574,0.0,0.0,0.0,0.571,57.1,-10.7
SPY,S&P 500 (SPY),index,down,2020-03-13,2020-03-16,3,-10.8,1,1.0,-10.8,6.5,,,,,,,,,,,
SPY,S&P 500 (SPY),index,down,2020-03-17,2020-03-23,6,-11.9,0,-0.0,-11.9,8.5,,,,5.0,0.523,0.0,0.0,0.0,0.0,0.0,0.0
SPY,S&P 500 (SPY),index,up,2020-03-23,2020-03-30,7,17.5,0,0.0,17.5,0.2,,,,6.0,0.517,0.167,0.0,0.167,0.667,66.7,4.3
SPY,S&P 500 (SPY),index,up,2020-04-01,2020-06-08,68,31.3,0,0.0,31.3,-5.9,,,,47.0,0.649,0.0,0.0,0.447,0.809,80.9,11.7
SPY,S&P 500 (SPY),index,down,2020-06-08,2020-06-11,3,-6.9,1,0.82,-6.9,4.6,,,,4.0,0.675,0.0,0.0,0.25,1.0,100.0,-5.8
SPY,S&P 500 (SPY),index,up,2020-06-11,2020-09-02,83,19.5,1,0.08,19.5,1.3,,,,59.0,0.65,0.0,0.0,0.322,1.0,100.0,15.4
SPY,S&P 500 (SPY),index,down,2020-09-02,2020-09-23,21,-9.5,2,0.62,-9.5,-0.6,,,,15.0,0.593,0.133,0.0,0.533,1.0,100.0,-9.2
SPY,S&P 500 (SPY),index,up,2020-09-23,2020-10-12,19,9.2,0,0.0,9.2,-2.3,,,,14.0,0.654,0.0,0.0,0.357,1.0,100.0,8.6
SPY,S&P 500 (SPY),index,down,2020-10-12,2020-10-30,18,-7.3,1,0.46,-7.3,-1.9,,,,15.0,0.603,0.067,0.0,0.533,1.0,100.0,-6.3
SPY,S&P 500 (SPY),index,up,2020-10-30,2021-09-02,307,40.2,1,0.04,40.2,-3.8,,"Vaccines, reopening and fiscal stimulus",high,212.0,0.657,0.005,0.0,0.542,1.0,100.0,40.2
SPY,S&P 500 (SPY),index,up,2021-10-04,2022-01-03,91,11.8,0,0.0,11.8,-0.1,,,,64.0,0.679,0.0,0.0,0.656,1.0,100.0,11.8
SPY,S&P 500 (SPY),index,down,2022-01-03,2022-01-27,24,-9.7,0,-0.0,-9.7,-0.9,,,,18.0,0.684,0.0,0.0,0.889,1.0,100.0,-7.5
SPY,S&P 500 (SPY),index,down,2022-02-09,2022-03-08,27,-9.0,0,-0.0,-9.0,-0.3,,,,19.0,0.699,0.0,0.0,0.789,0.895,89.5,-7.4
SPY,S&P 500 (SPY),index,up,2022-03-08,2022-03-29,21,11.2,0,0.0,11.2,-5.1,,,,16.0,0.656,0.0,0.0,0.438,0.812,81.2,8.5
SPY,S&P 500 (SPY),index,down,2022-03-29,2022-05-19,51,-15.6,2,0.39,-15.6,-10.1,,"50 bp hike, 8%+ CPI, growth scare; Nasdaq bear market",high,37.0,0.633,0.027,0.0,0.541,0.946,94.6,-13.7
SPY,S&P 500 (SPY),index,up,2022-05-19,2022-06-02,14,7.2,0,0.0,7.2,-0.6,,,,10.0,0.667,0.0,0.0,0.3,0.8,80.0,5.2
SPY,S&P 500 (SPY),index,down,2022-06-02,2022-06-16,14,-12.1,0,-0.0,-12.1,-3.9,,,,11.0,0.614,0.0,0.0,0.364,0.273,27.3,1.3
SPY,S&P 500 (SPY),index,up,2022-06-16,2022-08-16,61,17.7,0,0.0,17.7,4.2,,,,42.0,0.586,0.0,0.0,0.167,0.881,88.1,16.7
SPY,S&P 500 (SPY),index,down,2022-08-16,2022-09-06,21,-9.1,1,0.36,-9.1,-7.1,,,,15.0,0.574,0.067,0.067,0.2,0.4,40.0,-3.1
SPY,S&P 500 (SPY),index,down,2022-09-12,2022-09-30,18,-12.7,1,0.33,-12.7,-4.6,,"Hot August CPI (13 Sep), 75 bp hike (21 Sep), UK gilt crisis",high,15.0,0.612,0.0,0.0,0.133,0.933,93.3,-6.4
SPY,S&P 500 (SPY),index,up,2022-10-12,2022-11-30,49,14.3,1,0.4,14.3,2.6,,,,35.0,0.565,0.114,0.0,0.0,0.8,80.0,4.5
SPY,S&P 500 (SPY),index,down,2022-11-30,2022-12-28,28,-7.2,0,-0.0,-7.2,-2.6,,,,20.0,0.568,0.2,0.05,0.0,0.65,65.0,-2.0
SPY,S&P 500 (SPY),index,up,2022-12-28,2023-02-02,36,10.7,0,0.0,10.7,9.1,,,,25.0,0.595,0.04,0.0,0.24,0.88,88.0,5.1
SPY,S&P 500 (SPY),index,down,2023-02-02,2023-03-13,39,-7.5,0,-0.0,-7.5,-2.1,,,,27.0,0.609,0.0,0.0,0.333,1.0,100.0,-6.0
SPY,S&P 500 (SPY),index,up,2023-03-13,2023-07-31,140,19.7,1,0.11,19.7,-4.5,,,,97.0,0.651,0.0,0.0,0.629,0.99,99.0,17.3
SPY,S&P 500 (SPY),index,down,2023-07-31,2023-10-27,88,-10.0,1,0.13,-10.0,-14.9,,,,64.0,0.62,0.0,0.0,0.281,0.984,98.4,-7.8
SPY,S&P 500 (SPY),index,up,2023-10-27,2024-03-27,152,28.3,2,0.14,28.3,14.1,"{'Fed / rates': 46, 'macro sell-off': 13, 'AI / product': 11}",,,104.0,0.636,0.019,0.0,0.558,1.0,100.0,28.3
SPY,S&P 500 (SPY),index,up,2024-04-19,2024-07-16,88,14.4,1,0.07,14.4,6.7,"{'Fed / rates': 87, 'macro sell-off': 35, 'AI / product': 31}",,,60.0,0.615,0.033,0.0,0.383,1.0,100.0,12.8
SPY,S&P 500 (SPY),index,down,2024-07-16,2024-08-05,20,-8.4,3,0.76,-8.4,5.3,"{'Fed / rates': 19, 'macro sell-off': 18, 'earnings / guidance': 14}",,,15.0,0.549,0.267,0.0,0.133,1.0,100.0,-7.6
SPY,S&P 500 (SPY),index,up,2024-08-05,2025-02-19,198,19.2,1,0.14,19.2,-8.8,"{'Fed / rates': 141, 'macro sell-off': 67, 'geopolitics': 66}",,,136.0,0.622,0.125,0.0,0.551,1.0,100.0,18.7
SPY,S&P 500 (SPY),index,down,2025-02-19,2025-04-08,48,-18.8,4,0.75,-18.8,0.8,"{'tariffs': 50, 'macro sell-off': 45, 'geopolitics': 32}",Tariff escalation from February to 'Liberation Day' (2 Apr) and the China retaliation,high,35.0,0.63,0.086,0.0,0.457,0.886,88.6,-11.1
SPY,S&P 500 (SPY),index,up,2025-04-08,2025-04-09,1,10.5,1,1.0,10.5,0.6,"{'tariffs': 8, 'macro sell-off': 7, 'geopolitics': 3}",,,,,,,,,,
SPY,S&P 500 (SPY),index,up,2025-04-21,2025-10-29,191,34.5,2,0.16,34.5,8.3,"{'geopolitics': 79, 'Fed / rates': 71, 'tariffs': 54}",Tariff pause (9 Apr) and the AI-capex earnings rebound,high,134.0,0.613,0.045,0.03,0.343,0.963,96.3,29.3
SPY,S&P 500 (SPY),index,up,2025-11-20,2026-01-27,68,6.9,0,0.0,6.9,-0.9,"{'flows': 16, 'Fed / rates': 15, 'macro sell-off': 15}",,,45.0,0.615,0.022,0.0,0.356,1.0,100.0,6.9
SPY,S&P 500 (SPY),index,down,2026-01-27,2026-03-30,62,-8.9,0,-0.0,-8.9,-0.5,"{'geopolitics': 51, 'macro sell-off': 40, 'Fed / rates': 16}",,,44.0,0.568,0.091,0.0,0.227,1.0,100.0,-6.2
SPY,S&P 500 (SPY),index,up,2026-03-30,2026-08-13,136,23.4,1,0.14,23.4,-3.0,"{'geopolitics': 91, 'macro sell-off': 48, 'Fed / rates': 46}",,,95.0,0.596,0.189,0.0,0.432,0.989,98.9,23.1
TLT,20y+ Treasuries (TLT),bond,down,2016-07-08,2016-12-14,159,-18.0,1,0.22,6.8,-18.0,,From the post-Brexit yield low through the election reflation trade and the December hike,high,,,,,,,,
TLT,20y+ Treasuries (TLT),bond,up,2016-12-14,2017-09-07,267,12.8,3,0.38,11.0,12.8,,,,,,,,,,,
TLT,20y+ Treasuries (TLT),bond,down,2017-12-15,2018-02-21,68,-8.7,1,0.16,1.3,-8.7,,,,,,,,,,,
TLT,20y+ Treasuries (TLT),bond,down,2018-07-06,2018-11-02,119,-7.9,3,0.51,-0.8,-7.9,,,,,,,,,,,
TLT,20y+ Treasuries (TLT),bond,up,2018-11-02,2019-08-28,299,34.5,8,0.44,7.9,34.5,,Fed pivot to patience then cuts (2019); trade-war flight to safety; curve inversion,high,,,,,,,,
TLT,20y+ Treasuries (TLT),bond,down,2019-08-28,2019-09-13,16,-7.5,0,-0.0,4.2,-7.5,,,,,,,,,,,
TLT,20y+ Treasuries (TLT),bond,up,2019-09-13,2019-10-04,21,7.1,0,0.0,-1.8,7.1,,,,,,,,,,,
TLT,20y+ Treasuries (TLT),bond,down,2019-10-04,2019-11-08,35,-7.4,0,-0.0,5.0,-7.4,,,,,,,,,,,
TLT,20y+ Treasuries (TLT),bond,up,2019-11-08,2020-03-09,122,27.8,4,0.48,-10.1,27.8,,COVID flight to safety and emergency cuts,high,,,,,,,,
TLT,20y+ Treasuries (TLT),bond,down,2020-03-09,2020-03-13,4,-10.1,1,0.49,-2.2,-10.1,,,,,,,,,,,
TLT,20y+ Treasuries (TLT),bond,down,2020-03-16,2020-03-18,2,-11.9,1,0.54,-2.2,-11.9,,,,,,,,,,,
TLT,20y+ Treasuries (TLT),bond,up,2020-03-18,2020-04-21,34,18.8,0,0.0,16.6,18.8,,,,,,,,,,,
TLT,20y+ Treasuries (TLT),bond,down,2020-04-21,2020-06-05,45,-8.6,0,-0.0,16.9,-8.6,,,,,,,,,,,
TLT,20y+ Treasuries (TLT),bond,up,2020-06-05,2020-08-04,60,10.2,0,0.0,3.8,10.2,,,,,,,,,,,
TLT,20y+ Treasuries (TLT),bond,down,2020-08-04,2021-03-18,226,-21.3,3,0.24,19.6,-21.3,,Reflation trade: vaccines and stimulus took the 10-year from 0.5% to 1.7%,high,,,,,,,,
TLT,20y+ Treasuries (TLT),bond,up,2021-03-18,2021-09-22,188,14.3,2,0.25,12.9,14.3,,,,,,,,,,,
TLT,20y+ Treasuries (TLT),bond,up,2021-10-11,2021-12-03,53,9.3,0,0.0,4.3,9.3,,,,,,,,,,,
TLT,20y+ Treasuries (TLT),bond,down,2021-12-03,2022-06-14,193,-28.9,4,0.36,-17.0,-28.9,,Fed pivot to hikes with CPI above 8%; the 75 bp June hike,high,,,,,,,,
TLT,20y+ Treasuries (TLT),bond,up,2022-06-14,2022-08-01,48,10.7,0,0.0,10.3,10.7,,,,,,,,,,,
TLT,20y+ Treasuries (TLT),bond,down,2022-08-01,2022-10-24,84,-22.7,0,-0.0,-7.4,-22.7,,Jackson Hole and two more 75 bp hikes; 10-year yield to 4.3%,high,,,,,,,,
TLT,20y+ Treasuries (TLT),bond,up,2022-10-24,2022-12-07,44,19.0,1,0.22,3.8,19.0,,,,,,,,,,,
TLT,20y+ Treasuries (TLT),bond,down,2022-12-07,2022-12-28,21,-8.8,0,-0.0,-3.8,-8.8,,,,,,,,,,,
TLT,20y+ Treasuries (TLT),bond,up,2022-12-28,2023-01-18,21,9.1,0,0.0,3.9,9.1,,,,,,,,,,,
TLT,20y+ Treasuries (TLT),bond,down,2023-01-18,2023-03-02,43,-8.0,0,-0.0,1.6,-8.0,,,,,,,,,,,
TLT,20y+ Treasuries (TLT),bond,up,2023-03-02,2023-04-06,35,9.4,2,0.65,3.3,9.4,,,,,,,,,,,
TLT,20y+ Treasuries (TLT),bond,down,2023-04-06,2023-10-19,196,-22.4,4,0.41,5.0,-22.4,,"'Higher for longer', Fitch downgrade (1 Aug), heavy Treasury supply; 10-year touched 5% on 19 Oct",high,,,,,,,,
TLT,20y+ Treasuries (TLT),bond,up,2023-10-19,2023-12-27,69,22.6,0,0.0,12.2,22.6,{'Fed / rates': 2},Disinflation and the December 2023 Fed pivot toward cuts,high,,,,,,,,
TLT,20y+ Treasuries (TLT),bond,down,2023-12-27,2024-01-24,28,-7.1,0,-0.0,1.9,-7.1,{},,,,,,,,,,
TLT,20y+ Treasuries (TLT),bond,down,2024-02-01,2024-04-25,84,-10.1,2,0.39,3.2,-10.1,"{'Fed / rates': 66, 'macro sell-off': 16, 'AI / product': 5}",,,,,,,,,,
TLT,20y+ Treasuries (TLT),bond,up,2024-04-25,2024-09-16,144,17.4,1,0.19,12.1,17.4,"{'Fed / rates': 139, 'macro sell-off': 33, 'AI / product': 18}",,,,,,,,,,
TLT,20y+ Treasuries (TLT),bond,down,2024-09-16,2024-11-13,58,-10.8,3,0.54,6.4,-10.8,"{'Fed / rates': 41, 'AI / product': 5, 'geopolitics': 5}",,,,,,,,,,
TLT,20y+ Treasuries (TLT),bond,down,2024-12-06,2025-01-14,39,-9.3,0,-0.0,-3.9,-9.3,"{'Fed / rates': 34, 'macro sell-off': 6, 'geopolitics': 3}",,,,,,,,,,
TLT,20y+ Treasuries (TLT),bond,up,2025-01-14,2025-04-04,80,10.0,1,0.18,-12.9,10.0,"{'Fed / rates': 51, 'tariffs': 15, 'earnings / guidance': 8}",,,,,,,,,,
TLT,20y+ Treasuries (TLT),bond,down,2025-04-04,2025-05-21,47,-9.2,2,0.6,15.4,-9.2,"{'Fed / rates': 28, 'tariffs': 9, 'macro sell-off': 7}",,,,,,,,,,
TLT,20y+ Treasuries (TLT),bond,up,2025-05-21,2026-02-27,282,11.8,3,0.43,18.7,11.8,"{'Fed / rates': 79, 'macro sell-off': 12, 'geopolitics': 10}",,,,,,,,,,
TLT,20y+ Treasuries (TLT),bond,down,2026-02-27,2026-05-19,81,-7.6,2,0.43,7.3,-7.6,"{'Fed / rates': 30, 'geopolitics': 9, 'macro sell-off': 7}",,,,,,,,,,
AAPL,Apple,stock,up,2010-02-04,2010-04-23,78,41.0,2,0.28,,,,,,,,,,,,,
AAPL,Apple,stock,down,2010-04-23,2010-05-07,14,-12.9,0,-0.0,,,,,,,,,,,,,
AAPL,Apple,stock,up,2010-05-07,2010-05-12,5,11.1,1,0.7,,,,,,,,,,,,,
AAPL,Apple,stock,up,2010-05-20,2010-06-02,13,11.0,0,0.0,,,,,,9.0,0.609,0.0,0.0,0.111,1.0,100.0,10.7
AAPL,Apple,stock,up,2010-06-09,2010-06-18,9,12.7,0,0.0,,,,,,8.0,0.599,0.0,0.0,0.25,0.5,50.0,9.6
AAPL,Apple,stock,down,2010-06-18,2010-07-19,31,-10.4,1,0.42,,,,,,21.0,0.618,0.0,0.0,0.238,0.714,71.4,-2.7
AAPL,Apple,stock,up,2010-08-24,2011-02-16,176,51.3,5,0.36,,,,,,123.0,0.697,0.057,0.0,0.756,0.927,92.7,39.4
AAPL,Apple,stock,down,2011-02-16,2011-04-15,58,-9.8,2,0.78,,,,,,42.0,0.724,0.0,0.0,1.0,1.0,100.0,-8.6
AAPL,Apple,stock,down,2011-04-25,2011-06-20,56,-10.7,0,-0.0,,,,,,40.0,0.627,0.025,0.0,0.75,1.0,100.0,-7.8
AAPL,Apple,stock,up,2011-06-20,2011-07-26,36,27.9,0,0.0,,,,,,26.0,0.566,0.115,0.0,0.5,0.962,96.2,22.4
AAPL,Apple,stock,down,2011-07-26,2011-08-08,13,-12.4,3,0.92,,,,,,10.0,0.657,0.0,0.0,0.9,1.0,100.0,-7.3
AAPL,Apple,stock,up,2011-08-19,2011-09-20,32,16.1,0,0.0,,,,,,22.0,0.582,0.091,0.0,0.409,1.0,100.0,15.8
AAPL,Apple,stock,down,2011-09-20,2011-10-07,17,-10.6,0,-0.0,,,,,,14.0,0.608,0.0,0.0,0.643,1.0,100.0,-6.0
AAPL,Apple,stock,up,2011-10-07,2011-10-18,11,14.2,1,0.38,,,,,,8.0,0.544,0.25,0.0,0.0,1.0,100.0,7.8
AAPL,Apple,stock,down,2011-10-18,2011-11-25,38,-13.9,1,0.38,,,,,,28.0,0.631,0.071,0.0,0.5,1.0,100.0,-10.9
AAPL,Apple,stock,up,2011-11-25,2012-04-09,136,75.0,2,0.17,,,,,,92.0,0.64,0.033,0.0,0.674,1.0,100.0,72.9
AAPL,Apple,stock,down,2012-04-09,2012-04-24,15,-11.9,1,0.33,,,,,,12.0,0.681,0.0,0.0,0.75,1.0,100.0,-4.1
AAPL,Apple,stock,down,2012-04-25,2012-05-17,22,-13.1,0,-0.0,,,,,,17.0,0.567,0.235,0.0,0.0,1.0,100.0,-13.1
AAPL,Apple,stock,up,2012-05-17,2012-09-19,125,33.0,0,0.0,,,,,,87.0,0.61,0.057,0.0,0.356,1.0,100.0,32.4
AAPL,Apple,stock,down,2012-09-19,2012-11-15,57,-24.8,0,-0.0,,,,iPhone 5 supply constraints and the Maps fiasco; margin fears; year-end tax selling,medium,40.0,0.631,0.0,0.0,0.3,1.0,100.0,-24.5
AAPL,Apple,stock,up,2012-11-15,2012-11-26,11,12.2,1,0.61,,,,,,7.0,0.49,0.571,0.0,0.0,0.857,85.7,7.9
AAPL,Apple,stock,down,2012-11-26,2012-12-28,32,-13.6,1,0.46,,,,,,24.0,0.543,0.25,0.042,0.0,0.917,91.7,-6.8
AAPL,Apple,stock,down,2013-01-02,2013-01-25,23,-19.9,1,0.6,,,,,,17.0,0.551,0.176,0.0,0.0,0.882,88.2,-14.6
AAPL,Apple,stock,up,2013-01-25,2013-02-11,17,9.7,0,0.0,,,,,,12.0,0.475,0.333,0.25,0.0,0.917,91.7,7.4
AAPL,Apple,stock,down,2013-02-11,2013-03-04,21,-12.5,0,-0.0,,,,,,15.0,0.458,0.667,0.067,0.0,0.867,86.7,-7.9
AAPL,Apple,stock,up,2013-03-04,2013-03-25,21,10.4,0,0.0,,,,,,16.0,0.556,0.125,0.0,0.25,1.0,100.0,9.8
AAPL,Apple,stock,down,2013-03-25,2013-04-19,25,-15.8,1,0.33,,,,,,19.0,0.485,0.526,0.105,0.105,0.789,78.9,-8.6
AAPL,Apple,stock,up,2013-04-19,2013-05-08,19,18.8,0,0.0,,,,,,14.0,0.512,0.429,0.0,0.0,0.571,57.1,7.1
AAPL,Apple,stock,down,2013-05-08,2013-06-27,50,-14.5,1,0.17,,,,,,36.0,0.504,0.472,0.0,0.278,0.917,91.7,-14.0
AAPL,Apple,stock,up,2013-06-27,2013-08-19,53,29.8,3,0.49,,,,,,37.0,0.581,0.216,0.054,0.486,0.892,89.2,22.3
AAPL,Apple,stock,down,2013-08-19,2013-09-16,28,-11.3,1,0.46,,,,,,20.0,0.662,0.05,0.0,0.7,1.0,100.0,-10.3
AAPL,Apple,stock,up,2013-09-16,2013-12-23,98,27.4,2,0.36,,,,,,70.0,0.56,0.157,0.0,0.243,1.0,100.0,26.9
AAPL,Apple,stock,down,2013-12-23,2014-01-30,38,-12.3,1,0.63,,,,,,26.0,0.55,0.231,0.0,0.115,1.0,100.0,-12.2
AAPL,Apple,stock,up,2014-01-30,2014-11-26,300,70.2,3,0.25,,,,,,210.0,0.589,0.1,0.0,0.214,1.0,100.0,70.1
AAPL,Apple,stock,down,2014-11-26,2015-01-16,51,-10.9,1,0.28,,,,,,35.0,0.603,0.114,0.0,0.2,1.0,100.0,-8.6
AAPL,Apple,stock,up,2015-01-16,2015-02-23,38,26.0,1,0.24,,,,,,25.0,0.665,0.04,0.0,0.64,1.0,100.0,25.2
AAPL,Apple,stock,down,2015-05-22,2015-07-09,48,-9.4,2,0.43,,,,,,33.0,0.671,0.03,0.0,0.515,1.0,100.0,-7.0
AAPL,Apple,stock,up,2015-07-09,2015-07-20,11,10.0,1,0.28,,,,,,8.0,0.569,0.0,0.0,0.125,1.0,100.0,8.9
AAPL,Apple,stock,down,2015-07-20,2015-08-24,35,-21.6,3,0.66,,,,,,26.0,0.437,0.538,0.192,0.0,0.692,69.2,-7.5
AAPL,Apple,stock,up,2015-08-24,2015-11-03,71,18.9,2,0.56,,,,,,51.0,0.361,0.882,0.333,0.0,0.725,72.5,17.1
AAPL,Apple,stock,down,2015-11-03,2016-01-27,85,-23.5,2,0.42,,,,iPhone 6s demand slowdown; first guided year-on-year iPhone decline (26 Jan 2016); China worries,high,58.0,0.533,0.379,0.155,0.207,0.759,75.9,-20.9
AAPL,Apple,stock,up,2016-01-27,2016-04-14,78,20.6,1,0.21,10.6,4.3,,,,55.0,0.461,0.527,0.255,0.055,0.782,78.2,7.2
AAPL,Apple,stock,down,2016-04-14,2016-05-12,28,-18.9,1,0.31,-0.7,0.4,,,,21.0,0.576,0.19,0.143,0.238,0.81,81.0,-16.7
AAPL,Apple,stock,up,2016-05-12,2016-05-26,14,11.1,0,0.0,1.3,-0.7,,,,11.0,0.6,0.091,0.0,0.0,0.727,72.7,10.4
AAPL,Apple,stock,up,2016-06-27,2016-10-25,120,29.2,2,0.38,7.9,-3.9,,,,85.0,0.549,0.306,0.059,0.176,0.906,90.6,15.4
AAPL,Apple,stock,down,2016-10-25,2016-11-14,20,-10.1,2,0.48,1.1,-8.6,,,,15.0,0.633,0.067,0.0,0.2,1.0,100.0,-9.0
AAPL,Apple,stock,up,2016-11-14,2017-05-12,179,48.9,5,0.36,11.5,1.3,,,,124.0,0.558,0.25,0.032,0.04,1.0,100.0,48.5
AAPL,Apple,stock,up,2017-06-16,2017-09-01,77,15.8,1,0.32,2.1,1.0,,,,55.0,0.568,0.2,0.0,0.091,1.0,100.0,14.4
AAPL,Apple,stock,up,2017-09-25,2018-01-18,115,19.5,1,0.2,12.7,-1.8,,,,80.0,0.522,0.45,0.025,0.087,1.0,100.0,19.0
AAPL,Apple,stock,down,2018-01-18,2018-02-08,21,-13.4,1,0.31,-7.7,-3.9,,,,16.0,0.544,0.312,0.0,0.0,0.938,93.8,-13.4
AAPL,Apple,stock,up,2018-02-08,2018-03-12,32,17.6,0,0.0,8.1,0.1,,,,22.0,0.558,0.273,0.0,0.091,0.955,95.5,15.1
AAPL,Apple,stock,up,2018-04-27,2018-10-03,159,44.0,3,0.34,9.9,-2.1,,,,111.0,0.581,0.189,0.027,0.09,1.0,100.0,41.5
AAPL,Apple,stock,down,2018-10-03,2018-11-23,51,-25.5,2,0.39,-9.7,0.5,,Weak iPhone XR demand and supplier cuts; Apple stopped reporting unit sales (1 Nov); rate fears,high,37.0,0.638,0.027,0.0,0.541,1.0,100.0,-24.5
AAPL,Apple,stock,down,2018-12-03,2018-12-24,21,-20.6,0,-0.0,-15.6,5.0,,,,15.0,0.514,0.4,0.0,0.0,0.867,86.7,-12.0
AAPL,Apple,stock,down,2019-01-02,2019-01-03,1,-10.0,1,1.0,-2.4,1.1,,,,,,,,,,,
AAPL,Apple,stock,up,2019-01-03,2019-05-03,120,49.6,3,0.29,20.9,1.0,,,,84.0,0.602,0.167,0.0,0.298,0.964,96.4,43.0
AAPL,Apple,stock,down,2019-05-03,2019-06-03,31,-17.8,1,0.3,-6.6,7.3,,,,21.0,0.531,0.238,0.0,0.238,0.952,95.2,-16.2
AAPL,Apple,stock,up,2019-06-03,2019-07-31,58,22.9,0,0.0,8.8,0.5,,,,42.0,0.611,0.167,0.0,0.286,0.976,97.6,17.2
AAPL,Apple,stock,up,2019-08-05,2020-02-12,191,70.8,0,0.0,19.9,4.3,,,,133.0,0.658,0.023,0.0,0.496,1.0,100.0,69.6
AAPL,Apple,stock,down,2020-02-12,2020-02-28,16,-16.5,1,0.38,-12.2,8.3,,,,12.0,0.569,0.0,0.0,0.25,1.0,100.0,-8.7
AAPL,Apple,stock,up,2020-02-28,2020-03-04,5,10.7,1,0.87,5.7,-0.3,,,,4.0,0.496,0.5,0.0,0.0,1.0,100.0,7.2
AAPL,Apple,stock,down,2020-03-04,2020-03-09,5,-12.1,0,-0.0,-11.7,10.7,,,,4.0,0.471,0.75,0.0,0.25,1.0,100.0,-5.7
AAPL,Apple,stock,down,2020-03-10,2020-03-12,2,-13.0,0,-0.0,-11.5,-3.1,,,,3.0,0.472,0.667,0.0,0.0,1.0,100.0,-2.6
AAPL,Apple,stock,up,2020-03-12,2020-03-13,1,12.0,1,1.0,5.9,-2.3,,,,,,,,,,,
AAPL,Apple,stock,down,2020-03-13,2020-03-23,10,-19.3,0,-0.0,-17.1,7.8,,,,7.0,0.421,1.0,0.143,0.0,1.0,100.0,-11.2
AAPL,Apple,stock,up,2020-03-23,2020-09-01,162,140.3,3,0.18,59.1,-0.6,,"COVID recovery: stimulus, work-from-home demand, the 4-for-1 split and 5G iPhone anticipation",high,114.0,0.726,0.061,0.026,0.579,0.974,97.4,113.5
AAPL,Apple,stock,down,2020-09-01,2020-09-18,17,-20.4,1,0.37,-5.8,-0.2,,,,13.0,0.596,0.231,0.0,0.385,1.0,100.0,-18.0
AAPL,Apple,stock,up,2020-09-18,2020-10-12,24,16.4,1,0.4,6.5,-1.7,,,,17.0,0.502,0.529,0.0,0.176,1.0,100.0,13.3
AAPL,Apple,stock,down,2020-10-12,2020-11-02,21,-12.6,0,-0.0,-6.3,-1.2,,,,16.0,0.658,0.062,0.0,0.5,1.0,100.0,-11.2
AAPL,Apple,stock,up,2020-11-02,2020-12-28,56,25.9,1,0.21,13.2,-0.6,,,,39.0,0.632,0.077,0.0,0.41,1.0,100.0,24.2
AAPL,Apple,stock,up,2021-01-06,2021-01-26,20,13.1,0,0.0,2.8,0.1,,,,14.0,0.637,0.071,0.0,0.429,1.0,100.0,12.2
AAPL,Apple,stock,down,2021-01-26,2021-03-08,41,-18.6,0,-0.0,-0.5,-9.9,,,,29.0,0.593,0.069,0.0,0.379,1.0,100.0,-15.3
AAPL,Apple,stock,up,2021-03-08,2021-04-19,42,15.9,0,0.0,9.1,0.9,,,,30.0,0.598,0.233,0.0,0.3,1.0,100.0,14.4
AAPL,Apple,stock,up,2021-05-12,2021-09-07,118,27.8,2,0.22,11.7,8.9,,,,82.0,0.714,0.0,0.0,0.878,1.0,100.0,26.5
AAPL,Apple,stock,down,2021-09-07,2021-10-04,27,-11.2,1,0.28,-4.7,-1.2,,,,20.0,0.619,0.2,0.0,0.55,1.0,100.0,-9.9
AAPL,Apple,stock,up,2021-10-04,2022-01-03,91,31.0,1,0.1,11.8,-0.1,,,,64.0,0.725,0.016,0.0,0.562,1.0,100.0,29.3
AAPL,Apple,stock,down,2022-01-03,2022-01-27,24,-12.5,0,-0.0,-9.7,-0.9,,,,18.0,0.605,0.056,0.0,0.556,1.0,100.0,-6.4
AAPL,Apple,stock,up,2022-01-27,2022-02-09,13,10.9,1,0.65,6.1,-3.1,,,,10.0,0.622,0.0,0.0,0.0,1.0,100.0,8.2
AAPL,Apple,stock,down,2022-02-09,2022-03-14,33,-14.6,0,-0.0,-8.9,-4.7,,,,23.0,0.586,0.087,0.0,0.087,1.0,100.0,-12.0
AAPL,Apple,stock,up,2022-03-14,2022-03-29,15,18.8,0,0.0,11.0,-0.8,,,,12.0,0.654,0.0,0.0,0.0,1.0,100.0,18.0
AAPL,Apple,stock,down,2022-03-29,2022-05-19,51,-23.1,0,-0.0,-15.6,-10.1,,Rates and Fed tightening; China lockdowns hit supply,high,37.0,0.62,0.054,0.0,0.027,1.0,100.0,-23.0
AAPL,Apple,stock,up,2022-05-19,2022-06-02,14,10.1,0,0.0,7.2,-0.6,,,,10.0,0.65,0.0,0.0,0.1,0.6,60.0,8.9
AAPL,Apple,stock,down,2022-06-02,2022-06-16,14,-14.0,0,-0.0,-12.1,-3.9,,,,11.0,0.655,0.0,0.0,0.091,0.545,54.5,-7.8
AAPL,Apple,stock,up,2022-06-16,2022-08-17,62,34.4,0,0.0,16.9,3.1,,,,43.0,0.635,0.116,0.0,0.07,0.814,81.4,30.7
AAPL,Apple,stock,down,2022-08-17,2022-09-30,44,-20.8,1,0.26,-15.9,-10.5,,,,32.0,0.532,0.406,0.0,0.062,1.0,100.0,-18.4
AAPL,Apple,stock,up,2022-09-30,2022-10-28,28,12.7,1,0.61,8.9,-5.3,,,,21.0,0.552,0.429,0.0,0.095,0.714,71.4,4.2
AAPL,Apple,stock,down,2022-10-28,2022-11-09,12,-13.3,0,-0.0,-3.8,-2.0,,,,9.0,0.737,0.0,0.0,0.333,0.333,33.3,-2.5
AAPL,Apple,stock,up,2022-11-09,2022-11-18,9,12.2,1,0.74,5.9,5.3,,,,8.0,0.64,0.0,0.0,0.0,0.75,75.0,-1.1
AAPL,Apple,stock,down,2022-11-18,2023-01-05,48,-17.4,1,0.25,-3.8,4.1,,,,32.0,0.578,0.156,0.0,0.062,0.594,59.4,-14.1
AAPL,Apple,stock,up,2023-01-05,2023-07-31,207,57.6,4,0.3,21.6,-1.6,,,,142.0,0.673,0.063,0.0,0.352,0.958,95.8,39.5
AAPL,Apple,stock,down,2023-07-31,2023-08-17,17,-11.3,1,0.41,-4.7,-6.4,,,,14.0,0.58,0.643,0.071,0.286,1.0,100.0,-11.1
AAPL,Apple,stock,down,2023-09-05,2023-10-26,51,-12.0,2,0.48,-7.8,-9.1,,,,38.0,0.594,0.395,0.0,0.158,1.0,100.0,-11.3
AAPL,Apple,stock,up,2023-10-26,2023-12-14,49,18.9,0,0.0,14.4,18.0,,,,35.0,0.64,0.029,0.0,0.143,1.0,100.0,18.5
AAPL,Apple,stock,down,2024-01-23,2024-04-19,87,-15.4,3,0.58,2.4,-4.1,"{'Fed / rates': 12, 'AI / product': 5, 'earnings / guidance': 2}",,,62.0,0.585,0.161,0.0,0.113,0.887,88.7,-9.1
AAPL,Apple,stock,up,2024-04-19,2024-07-16,88,42.5,2,0.36,14.4,6.7,"{'AI / product': 13, 'Fed / rates': 10, 'earnings / guidance': 8}",,,60.0,0.573,0.083,0.0,0.033,0.967,96.7,31.9
AAPL,Apple,stock,down,2024-07-16,2024-08-06,21,-11.7,1,0.39,-7.6,2.9,"{'macro sell-off': 7, 'earnings / guidance': 6, 'Fed / rates': 4}",,,16.0,0.503,0.5,0.0,0.125,1.0,100.0,-10.6
AAPL,Apple,stock,up,2024-08-06,2024-12-26,142,25.3,1,0.16,15.9,-7.5,"{'earnings / guidance': 10, 'Fed / rates': 9, 'AI / product': 8}",,,100.0,0.541,0.36,0.09,0.05,1.0,100.0,23.6
AAPL,Apple,stock,down,2024-12-26,2025-01-21,26,-14.0,2,0.45,0.3,0.2,"{'AI / product': 2, 'Fed / rates': 1}",,,16.0,0.558,0.312,0.0,0.125,1.0,100.0,-13.6
AAPL,Apple,stock,up,2025-01-21,2025-02-24,34,11.1,0,0.0,-1.0,2.5,"{'AI / product': 5, 'tariffs': 2, 'Fed / rates': 2}",,,24.0,0.528,0.25,0.0,0.25,1.0,100.0,11.1
AAPL,Apple,stock,down,2025-02-24,2025-04-08,43,-30.2,3,0.62,-16.6,-1.0,"{'macro sell-off': 10, 'tariffs': 8, 'geopolitics': 5}",Tariffs on China-made iPhones; Liberation Day,high,32.0,0.572,0.219,0.0,0.438,0.594,59.4,-13.5
AAPL,Apple,stock,up,2025-04-08,2025-05-01,23,23.7,1,0.67,12.5,0.8,"{'tariffs': 7, 'macro sell-off': 7, 'Fed / rates': 4}",,,17.0,0.506,0.588,0.0,0.0,0.529,52.9,7.7
AAPL,Apple,stock,up,2025-05-23,2025-12-02,193,46.9,4,0.45,18.4,7.8,"{'flows': 10, 'AI / product': 8, 'macro sell-off': 7}",,,133.0,0.571,0.158,0.015,0.15,0.902,90.2,45.2
AAPL,Apple,stock,down,2025-12-02,2026-01-20,49,-13.8,2,0.36,-0.3,-2.1,"{'Fed / rates': 3, 'earnings / guidance': 2, 'AI / product': 2}",,,33.0,0.502,0.545,0.0,0.0,1.0,100.0,-13.5
AAPL,Apple,stock,up,2026-01-20,2026-02-06,17,12.7,2,0.58,1.9,1.4,"{'tariffs': 3, 'earnings / guidance': 3, 'geopolitics': 3}",,,14.0,0.589,0.0,0.0,0.357,1.0,100.0,11.4
AAPL,Apple,stock,down,2026-02-25,2026-03-30,33,-10.1,0,-0.0,-8.6,-3.2,"{'geopolitics': 3, 'macro sell-off': 2, 'Fed / rates': 1}",,,24.0,0.516,0.375,0.0,0.208,1.0,100.0,-7.5
AAPL,Apple,stock,up,2026-03-30,2026-06-02,64,27.9,2,0.23,20.2,-0.2,"{'geopolitics': 15, 'earnings / guidance': 5, 'macro sell-off': 4}",,,45.0,0.539,0.311,0.0,0.089,1.0,100.0,25.9
AAPL,Apple,stock,down,2026-06-02,2026-06-25,23,-12.7,2,0.74,-3.1,2.0,"{'flows': 1, 'macro sell-off': 1}",,,17.0,0.515,0.412,0.0,0.118,1.0,100.0,-10.0
AAPL,Apple,stock,up,2026-06-25,2026-07-28,33,23.6,0,0.0,0.9,-3.2,"{'macro sell-off': 5, 'geopolitics': 4, 'Fed / rates': 3}",,,23.0,0.569,0.174,0.0,0.522,1.0,100.0,22.9
AAPL,Apple,stock,down,2026-07-28,2026-08-12,15,-11.0,1,0.65,4.3,-2.1,"{'Fed / rates': 4, 'earnings / guidance': 4, 'geopolitics': 3}",,,12.0,0.506,0.417,0.0,0.5,1.0,100.0,-10.2
MSFT,Microsoft,stock,up,2010-02-08,2010-04-22,73,13.8,1,0.15,,,,,,,,,,,,,
MSFT,Microsoft,stock,down,2010-04-22,2010-05-26,34,-20.0,4,0.61,,,,,,6.0,0.424,1.0,0.0,0.0,0.0,0.0,0.0
MSFT,Microsoft,stock,down,2010-06-15,2010-06-30,15,-13.4,0,-0.0,,,,,,12.0,0.385,1.0,0.333,0.0,0.083,8.3,-0.7
MSFT,Microsoft,stock,up,2010-06-30,2010-08-02,33,14.4,0,0.0,,,,,,23.0,0.38,1.0,0.217,0.0,0.652,65.2,1.0
MSFT,Microsoft,stock,down,2010-08-02,2010-08-31,29,-10.4,0,-0.0,,,,,,22.0,0.445,1.0,0.045,0.0,0.364,36.4,-8.5
MSFT,Microsoft,stock,up,2010-08-31,2010-11-02,63,16.7,1,0.33,,,,,,45.0,0.391,1.0,0.133,0.0,0.711,71.1,4.1
MSFT,Microsoft,stock,up,2010-11-23,2011-01-27,65,14.9,3,0.66,,,,,,45.0,0.485,0.556,0.0,0.089,0.978,97.8,11.0
MSFT,Microsoft,stock,down,2011-01-27,2011-03-17,49,-13.7,2,0.43,,,,,,35.0,0.41,0.886,0.057,0.086,0.943,94.3,-13.6
MSFT,Microsoft,stock,down,2011-04-28,2011-06-10,43,-10.6,1,0.27,,,,,,31.0,0.512,0.387,0.0,0.226,0.29,29.0,-4.7
MSFT,Microsoft,stock,up,2011-06-10,2011-07-26,46,18.4,2,0.42,,,,,,32.0,0.468,0.656,0.094,0.062,0.875,87.5,8.2
MSFT,Microsoft,stock,down,2011-07-26,2011-08-22,27,-14.1,1,0.32,,,,,,20.0,0.377,0.95,0.25,0.0,0.85,85.0,-18.3
MSFT,Microsoft,stock,up,2011-08-22,2011-09-19,28,13.5,0,0.0,,,,,,20.0,0.483,0.5,0.2,0.0,0.65,65.0,8.5
MSFT,Microsoft,stock,down,2011-09-19,2011-10-03,14,-9.8,0,-0.0,,,,,,11.0,0.336,1.0,0.182,0.0,0.727,72.7,-11.2
MSFT,Microsoft,stock,up,2011-10-03,2011-10-18,15,11.3,0,0.0,,,,,,12.0,0.535,0.25,0.083,0.0,0.917,91.7,7.1
MSFT,Microsoft,stock,down,2011-10-18,2011-11-25,38,-10.4,1,0.33,,,,,,28.0,0.395,0.893,0.107,0.0,0.964,96.4,-10.4
MSFT,Microsoft,stock,up,2011-11-25,2012-03-15,111,36.1,3,0.41,,,,,,76.0,0.496,0.539,0.053,0.0,0.974,97.4,29.5
MSFT,Microsoft,stock,down,2012-04-20,2012-06-01,42,-11.7,0,-0.0,,,,,,30.0,0.428,0.767,0.367,0.0,1.0,100.0,-11.4
MSFT,Microsoft,stock,up,2012-06-01,2012-06-20,19,8.7,1,0.35,,,,,,14.0,0.443,0.786,0.5,0.0,1.0,100.0,5.9
MSFT,Microsoft,stock,up,2012-07-12,2012-09-20,70,10.6,1,0.31,,,,,,50.0,0.468,0.68,0.28,0.0,1.0,100.0,9.7
MSFT,Microsoft,stock,down,2012-09-20,2012-10-25,35,-11.4,1,0.25,,,,,,26.0,0.419,0.808,0.154,0.0,0.769,76.9,-9.1
MSFT,Microsoft,stock,down,2012-11-06,2012-12-04,28,-11.0,0,-0.0,,,,,,20.0,0.497,0.5,0.3,0.0,0.35,35.0,2.3
MSFT,Microsoft,stock,up,2012-12-04,2013-06-07,185,37.3,2,0.22,,,,,,128.0,0.531,0.352,0.023,0.016,0.805,80.5,32.5
MSFT,Microsoft,stock,up,2013-06-21,2013-07-16,25,9.0,0,0.0,,,,,,17.0,0.455,0.765,0.471,0.0,1.0,100.0,7.4
MSFT,Microsoft,stock,down,2013-07-16,2013-07-25,9,-13.5,1,0.84,,,,,,8.0,0.594,0.25,0.125,0.0,1.0,100.0,-12.8
MSFT,Microsoft,stock,up,2013-07-25,2013-08-23,29,11.5,1,0.65,,,,,,22.0,0.551,0.227,0.273,0.0,1.0,100.0,9.6
MSFT,Microsoft,stock,down,2013-08-23,2013-09-06,14,-10.4,0,-0.0,,,,,,10.0,0.577,0.2,0.0,0.0,1.0,100.0,-8.9
MSFT,Microsoft,stock,up,2013-09-06,2013-12-04,89,26.0,2,0.43,,,,,,63.0,0.57,0.222,0.111,0.016,1.0,100.0,22.9
MSFT,Microsoft,stock,down,2013-12-04,2014-01-13,40,-10.2,1,0.28,,,,,,27.0,0.454,0.741,0.259,0.0,1.0,100.0,-8.1
MSFT,Microsoft,stock,up,2014-01-13,2014-09-19,249,38.7,3,0.29,,,,,,174.0,0.573,0.218,0.052,0.011,1.0,100.0,37.4
MSFT,Microsoft,stock,down,2014-09-19,2014-10-16,27,-10.1,1,0.38,,,,,,20.0,0.662,0.1,0.0,0.05,1.0,100.0,-8.2
MSFT,Microsoft,stock,up,2014-10-16,2014-11-13,28,16.1,0,0.0,,,,,,21.0,0.589,0.238,0.0,0.0,1.0,100.0,16.0
MSFT,Microsoft,stock,down,2014-12-23,2015-01-30,38,-16.6,1,0.53,,,,,,26.0,0.593,0.077,0.0,0.0,1.0,100.0,-14.8
MSFT,Microsoft,stock,up,2015-01-30,2015-02-23,24,10.1,0,0.0,,,,,,16.0,0.606,0.062,0.0,0.125,0.375,37.5,4.0
MSFT,Microsoft,stock,down,2015-02-23,2015-04-02,38,-8.7,1,0.37,,,,,,29.0,0.559,0.103,0.069,0.0,0.759,75.9,-3.3
MSFT,Microsoft,stock,up,2015-04-02,2015-04-28,26,22.0,1,0.5,,,,,,18.0,0.456,0.778,0.167,0.0,0.889,88.9,22.9
MSFT,Microsoft,stock,down,2015-04-28,2015-06-30,63,-9.6,0,-0.0,,,,,,45.0,0.549,0.2,0.022,0.133,1.0,100.0,-9.0
MSFT,Microsoft,stock,down,2015-08-18,2015-08-25,7,-14.4,1,0.38,,,,,,6.0,0.681,0.167,0.0,0.0,0.667,66.7,-11.5
MSFT,Microsoft,stock,up,2015-08-25,2015-12-29,126,40.7,3,0.53,,,,,,88.0,0.574,0.193,0.057,0.068,0.875,87.5,36.6
MSFT,Microsoft,stock,down,2015-12-29,2016-01-21,23,-10.7,1,0.31,,,,,,16.0,0.622,0.062,0.0,0.0,1.0,100.0,-7.5
MSFT,Microsoft,stock,up,2016-01-21,2016-01-29,8,9.1,1,0.65,3.8,1.2,,,,7.0,0.5,0.571,0.0,0.0,1.0,100.0,8.4
MSFT,Microsoft,stock,down,2016-01-29,2016-02-09,11,-10.5,0,-0.0,-4.3,3.6,,,,8.0,0.627,0.25,0.0,0.25,1.0,100.0,-9.8
MSFT,Microsoft,stock,up,2016-02-09,2016-04-18,69,15.4,0,0.0,12.8,0.2,,,,48.0,0.579,0.167,0.0,0.146,1.0,100.0,15.2
MSFT,Microsoft,stock,down,2016-04-18,2016-05-03,15,-11.8,1,0.59,-1.5,-1.2,,,,12.0,0.724,0.083,0.0,0.0,0.917,91.7,-11.8
MSFT,Microsoft,stock,up,2016-06-27,2018-01-31,583,103.2,9,0.38,45.6,-8.5,,Azure-led cloud re-rating under Nadella; 2017 tax cuts,high,403.0,0.552,0.3,0.067,0.099,0.98,98.0,86.7
MSFT,Microsoft,stock,down,2018-01-31,2018-02-08,8,-10.5,2,0.85,-8.6,-3.1,,,,7.0,0.607,0.286,0.0,0.0,1.0,100.0,-7.2
MSFT,Microsoft,stock,up,2018-02-08,2018-03-12,32,14.4,0,0.0,8.1,0.1,,,,22.0,0.575,0.227,0.045,0.318,1.0,100.0,11.6
MSFT,Microsoft,stock,down,2018-03-12,2018-03-23,11,-9.9,0,-0.0,-7.0,1.3,,,,10.0,0.6,0.2,0.0,0.0,1.0,100.0,-3.1
MSFT,Microsoft,stock,up,2018-03-23,2018-10-01,192,33.7,3,0.42,13.6,-1.8,,,,133.0,0.578,0.188,0.045,0.158,1.0,100.0,33.2
MSFT,Microsoft,stock,down,2018-10-01,2018-10-24,23,-11.5,3,1.08,-9.1,-1.2,,,,18.0,0.698,0.0,0.0,0.611,1.0,100.0,-6.3
MSFT,Microsoft,stock,up,2018-10-24,2018-11-07,14,9.4,1,0.63,6.0,-1.7,,,,11.0,0.686,0.0,0.0,0.182,1.0,100.0,9.2
MSFT,Microsoft,stock,down,2018-11-07,2018-11-20,13,-8.8,0,-0.0,-6.0,2.3,,,,10.0,0.71,0.0,0.0,0.5,1.0,100.0,-7.5
MSFT,Microsoft,stock,up,2018-11-20,2018-12-03,13,10.2,0,0.0,5.7,0.9,,,,9.0,0.607,0.222,0.0,0.444,1.0,100.0,6.7
MSFT,Microsoft,stock,down,2018-12-03,2018-12-24,21,-16.0,0,-0.0,-15.6,5.0,,,,15.0,0.716,0.067,0.0,0.733,1.0,100.0,-10.3
MSFT,Microsoft,stock,up,2018-12-24,2019-04-30,127,39.3,4,0.43,25.9,2.6,,,,87.0,0.547,0.345,0.057,0.069,0.966,96.6,29.2
MSFT,Microsoft,stock,up,2019-06-03,2020-02-10,252,58.5,1,0.04,23.7,10.9,,,,175.0,0.629,0.126,0.006,0.423,1.0,100.0,54.9
MSFT,Microsoft,stock,down,2020-02-10,2020-02-27,17,-15.9,1,0.42,-11.1,4.9,,,,13.0,0.54,0.538,0.0,0.462,1.0,100.0,-13.9
MSFT,Microsoft,stock,up,2020-02-27,2020-03-02,4,9.2,1,0.73,3.8,1.5,,,,3.0,0.672,0.0,0.0,0.667,1.0,100.0,4.0
MSFT,Microsoft,stock,down,2020-03-02,2020-03-09,7,-12.8,0,-0.0,-10.5,11.3,,,,6.0,0.675,0.0,0.0,0.667,1.0,100.0,-6.9
MSFT,Microsoft,stock,down,2020-03-10,2020-03-12,2,-13.6,0,-0.0,-11.5,-3.1,,,,3.0,0.661,0.0,0.0,0.667,1.0,100.0,-1.3
MSFT,Microsoft,stock,up,2020-03-12,2020-03-13,1,14.2,1,1.0,5.9,-2.3,,,,,,,,,,,
MSFT,Microsoft,stock,down,2020-03-13,2020-03-16,3,-14.7,1,1.0,-10.8,6.5,,,,,,,,,,,
MSFT,Microsoft,stock,up,2020-03-23,2020-09-02,163,71.2,3,0.25,61.4,0.4,,,,115.0,0.566,0.33,0.0,0.53,1.0,100.0,60.6
MSFT,Microsoft,stock,down,2020-09-02,2020-09-18,16,-13.5,2,0.82,-7.2,-1.1,,,,12.0,0.665,0.083,0.0,0.5,1.0,100.0,-12.6
MSFT,Microsoft,stock,up,2020-09-18,2020-10-13,25,11.2,0,0.0,5.9,-1.0,,,,18.0,0.641,0.167,0.0,0.278,1.0,100.0,10.2
MSFT,Microsoft,stock,down,2020-10-13,2020-11-02,20,-9.2,1,0.53,-5.7,-1.9,,,,15.0,0.667,0.133,0.0,0.867,1.0,100.0,-7.4
MSFT,Microsoft,stock,up,2020-11-02,2021-02-12,102,21.4,3,0.55,19.4,-6.9,,,,71.0,0.628,0.183,0.0,0.69,1.0,100.0,20.8
MSFT,Microsoft,stock,up,2021-03-04,2021-04-27,54,15.5,0,0.0,11.2,0.1,,,,38.0,0.606,0.263,0.0,0.711,1.0,100.0,12.3
MSFT,Microsoft,stock,down,2021-04-27,2021-05-12,15,-8.8,0,-0.0,-2.9,-2.0,,,,12.0,0.736,0.0,0.0,0.917,1.0,100.0,-7.2
MSFT,Microsoft,stock,up,2021-05-12,2021-09-16,127,28.2,3,0.27,10.7,11.1,,,,89.0,0.703,0.022,0.0,0.798,1.0,100.0,26.0
MSFT,Microsoft,stock,up,2021-09-30,2021-11-19,50,21.9,1,0.21,9.3,3.1,,,,37.0,0.599,0.189,0.0,0.459,1.0,100.0,20.8
MSFT,Microsoft,stock,down,2021-12-27,2022-01-25,29,-15.8,1,0.25,-9.0,-4.5,,,,21.0,0.749,0.0,0.0,0.571,1.0,100.0,-13.4
MSFT,Microsoft,stock,down,2022-02-02,2022-02-23,21,-10.4,0,-0.0,-7.7,-3.9,,,,15.0,0.74,0.0,0.0,0.467,1.0,100.0,-5.8
MSFT,Microsoft,stock,up,2022-03-08,2022-03-29,21,14.3,0,0.0,11.2,-5.1,,,,16.0,0.587,0.188,0.0,0.375,0.688,68.8,7.9
MSFT,Microsoft,stock,down,2022-03-29,2022-04-26,28,-14.3,0,-0.0,-9.8,-6.2,,,,20.0,0.606,0.05,0.0,0.2,0.75,75.0,-7.6
MSFT,Microsoft,stock,down,2022-05-04,2022-05-20,16,-12.7,0,-0.0,-9.2,-0.1,,,,13.0,0.644,0.077,0.0,0.308,0.923,92.3,-5.8
MSFT,Microsoft,stock,up,2022-05-20,2022-06-02,13,8.7,0,0.0,7.1,-1.7,,,,9.0,0.535,0.556,0.0,0.111,0.556,55.6,4.2
MSFT,Microsoft,stock,down,2022-06-02,2022-06-13,11,-11.8,0,-0.0,-10.1,-5.2,,,,8.0,0.437,1.0,0.0,0.0,0.375,37.5,-7.7
MSFT,Microsoft,stock,up,2022-06-13,2022-08-15,63,21.1,1,0.34,14.9,5.2,,,,44.0,0.479,0.636,0.0,0.068,0.432,43.2,1.7
MSFT,Microsoft,stock,down,2022-08-15,2022-09-30,46,-20.5,2,0.42,-16.4,-11.1,,"Fed tightening, strong dollar (FX warning), PC slump",high,34.0,0.653,0.147,0.0,0.382,0.882,88.2,-14.8
MSFT,Microsoft,stock,down,2022-10-05,2022-10-11,6,-9.5,0,-0.0,-5.1,-2.6,,,,5.0,0.527,0.0,0.0,0.0,0.4,40.0,-1.5
MSFT,Microsoft,stock,up,2022-10-11,2022-10-25,14,11.2,0,0.0,7.6,-4.8,,,,11.0,0.52,0.545,0.0,0.0,0.818,81.8,9.7
MSFT,Microsoft,stock,down,2022-10-25,2022-11-03,9,-14.5,1,0.51,-3.6,1.0,,,,8.0,0.546,0.25,0.0,0.0,0.25,25.0,0.3
MSFT,Microsoft,stock,up,2022-11-03,2022-12-14,41,20.4,1,0.43,7.7,13.1,,,,29.0,0.511,0.345,0.0,0.0,0.552,55.2,3.5
MSFT,Microsoft,stock,down,2022-12-14,2023-01-05,22,-13.6,1,0.31,-4.6,-4.3,,,,15.0,0.587,0.067,0.0,0.0,0.6,60.0,-3.0
MSFT,Microsoft,stock,up,2023-01-05,2023-02-14,40,22.4,0,0.0,8.8,1.0,,,,28.0,0.51,0.536,0.036,0.036,0.786,78.6,18.5
MSFT,Microsoft,stock,down,2023-02-14,2023-03-01,15,-9.3,0,-0.0,-4.3,-3.3,,,,11.0,0.535,0.545,0.0,0.091,0.909,90.9,-7.2
MSFT,Microsoft,stock,up,2023-03-01,2023-07-18,139,46.3,4,0.49,15.9,2.5,,,,96.0,0.558,0.281,0.01,0.021,0.99,99.0,42.1
MSFT,Microsoft,stock,down,2023-07-18,2023-08-18,31,-11.8,1,0.31,-3.9,-7.6,,,,24.0,0.665,0.0,0.0,0.125,1.0,100.0,-10.3
MSFT,Microsoft,stock,up,2023-09-26,2024-03-21,177,38.1,1,0.09,23.5,6.8,"{'Fed / rates': 4, 'AI / product': 3, 'earnings / guidance': 1}",,,123.0,0.61,0.016,0.0,0.163,1.0,100.0,37.9
MSFT,Microsoft,stock,down,2024-03-21,2024-04-30,40,-9.3,1,0.33,-3.9,-4.9,"{'earnings / guidance': 7, 'Fed / rates': 3, 'AI / product': 2}",,,28.0,0.643,0.0,0.0,0.357,1.0,100.0,-8.0
MSFT,Microsoft,stock,up,2024-04-30,2024-07-05,66,20.3,1,0.12,10.8,6.0,"{'AI / product': 10, 'Fed / rates': 6, 'earnings / guidance': 2}",,,46.0,0.606,0.0,0.0,0.022,1.0,100.0,20.0
MSFT,Microsoft,stock,down,2024-07-05,2024-08-05,31,-15.5,2,0.37,-6.7,7.1,"{'Fed / rates': 5, 'earnings / guidance': 5, 'macro sell-off': 4}",,,22.0,0.609,0.0,0.0,0.591,1.0,100.0,-14.5
MSFT,Microsoft,stock,up,2024-08-05,2024-09-19,45,11.2,0,0.0,10.4,0.8,"{'Fed / rates': 5, 'AI / product': 5, 'earnings / guidance': 2}",,,33.0,0.601,0.03,0.0,0.121,1.0,100.0,10.4
MSFT,Microsoft,stock,up,2024-10-31,2024-12-17,47,12.1,0,0.0,6.3,-1.3,"{'management': 2, 'Fed / rates': 1, 'macro sell-off': 1}",,,33.0,0.534,0.212,0.0,0.061,0.909,90.9,7.7
MSFT,Microsoft,stock,down,2025-01-28,2025-04-08,70,-20.6,2,0.43,-17.6,1.2,"{'macro sell-off': 7, 'AI / product': 3, 'geopolitics': 3}",DeepSeek shock (27 Jan) raised AI-capex doubts; then the tariff sell-off,high,50.0,0.573,0.14,0.0,0.3,0.76,76.0,-7.9
MSFT,Microsoft,stock,up,2025-04-08,2025-04-09,1,10.1,1,1.0,10.5,0.6,"{'tariffs': 1, 'macro sell-off': 1}",,,,,,,,,,
MSFT,Microsoft,stock,up,2025-04-21,2025-08-04,105,49.4,2,0.28,23.2,3.9,"{'earnings / guidance': 7, 'tariffs': 5, 'geopolitics': 5}",,,73.0,0.584,0.096,0.151,0.192,0.959,95.9,44.0
MSFT,Microsoft,stock,up,2025-09-05,2025-10-28,53,9.5,1,0.24,6.4,4.3,"{'AI / product': 3, 'flows': 3, 'Fed / rates': 2}",,,38.0,0.624,0.053,0.0,0.447,1.0,100.0,9.4
MSFT,Microsoft,stock,down,2025-10-28,2026-01-21,85,-17.9,2,0.27,0.1,-4.1,"{'AI / product': 10, 'Fed / rates': 7, 'flows': 5}",,,58.0,0.561,0.259,0.0,0.448,1.0,100.0,-16.6
MSFT,Microsoft,stock,down,2026-01-28,2026-02-23,26,-20.0,1,0.47,-1.9,2.8,"{'AI / product': 4, 'earnings / guidance': 2, 'macro sell-off': 2}",Worst session since 2020 after January earnings (29 Jan) then the software rout of early February — archive headlines,medium,18.0,0.594,0.0,0.0,0.167,0.444,44.4,-7.7
MSFT,Microsoft,stock,down,2026-03-05,2026-03-27,22,-13.1,0,-0.0,-6.7,-3.5,"{'macro sell-off': 2, 'geopolitics': 2, 'tariffs': 1}",,,17.0,0.555,0.353,0.235,0.176,0.294,29.4,-4.2
MSFT,Microsoft,stock,up,2026-03-27,2026-06-01,66,29.4,4,0.64,19.6,1.0,"{'geopolitics': 16, 'macro sell-off': 6, 'Fed / rates': 5}",,,45.0,0.554,0.4,0.222,0.244,0.689,68.9,11.2
MSFT,Microsoft,stock,down,2026-06-01,2026-06-25,24,-23.4,0,-0.0,-2.9,2.2,"{'macro sell-off': 2, 'Fed / rates': 1, 'flows': 1}",June 2026 sell-off — archive headlines only,low,18.0,0.527,0.278,0.167,0.056,0.278,27.8,-10.9
MSFT,Microsoft,stock,up,2026-06-25,2026-08-28,64,45.8,1,0.38,4.8,-4.4,"{'AI / product': 9, 'geopolitics': 8, 'Fed / rates': 7}",,,46.0,0.57,0.31,0.065,0.478,0.783,78.3,8.4
TSLA,Tesla,stock,up,2010-07-07,2010-08-03,27,38.9,0,0.0,,,,,,,,,,,,,
TSLA,Tesla,stock,down,2010-08-03,2010-08-12,9,-19.8,0,-0.0,,,,,,,,,,,,,
TSLA,Tesla,stock,up,2010-08-12,2010-11-24,104,101.5,2,0.44,,,,,,11.0,0.708,0.0,0.0,0.182,1.0,100.0,20.3
TSLA,Tesla,stock,down,2010-11-24,2010-12-14,20,-19.6,0,-0.0,,,,,,14.0,0.716,0.0,0.0,0.143,0.929,92.9,-13.3
TSLA,Tesla,stock,down,2010-12-22,2011-02-23,63,-33.1,1,0.41,,,,,,43.0,0.566,0.023,0.0,0.512,0.535,53.5,-7.5
TSLA,Tesla,stock,up,2011-02-23,2011-05-31,97,38.1,3,0.95,,,,,,68.0,0.509,0.382,0.0,0.015,0.809,80.9,23.1
TSLA,Tesla,stock,down,2011-05-31,2011-08-22,83,-27.2,1,0.3,,,,,,59.0,0.549,0.271,0.0,0.068,0.983,98.3,-18.9
TSLA,Tesla,stock,up,2011-08-22,2011-11-16,86,59.2,2,0.41,,,,,,62.0,0.487,0.597,0.161,0.016,0.871,87.1,67.0
TSLA,Tesla,stock,down,2011-11-16,2012-01-13,58,-34.8,2,0.74,,,,,,40.0,0.588,0.125,0.075,0.025,0.95,95.0,-35.6
TSLA,Tesla,stock,up,2012-01-13,2012-04-03,81,66.8,2,0.48,,,,,,56.0,0.55,0.339,0.268,0.054,0.982,98.2,31.6
TSLA,Tesla,stock,down,2012-04-03,2012-05-18,45,-27.5,2,0.48,,,,,,33.0,0.505,0.424,0.242,0.0,0.97,97.0,-27.5
TSLA,Tesla,stock,up,2012-05-18,2012-07-16,59,30.5,0,0.0,,,,,,40.0,0.535,0.425,0.175,0.15,0.875,87.5,10.7
TSLA,Tesla,stock,down,2012-07-16,2012-08-02,17,-27.4,0,-0.0,,,,,,14.0,0.526,0.357,0.071,0.0,0.857,85.7,-19.7
TSLA,Tesla,stock,up,2012-08-02,2012-09-17,46,24.7,1,0.31,,,,,,32.0,0.482,0.531,0.25,0.156,0.812,81.2,4.7
TSLA,Tesla,stock,up,2012-10-15,2013-05-28,225,303.7,6,0.46,,,,Model S launch to the first profitable quarter (Q1 2013),high,153.0,0.561,0.288,0.248,0.046,0.974,97.4,241.0
TSLA,Tesla,stock,up,2013-06-03,2013-07-12,39,40.3,1,0.26,,,,,,29.0,0.595,0.172,0.069,0.276,1.0,100.0,37.4
TSLA,Tesla,stock,up,2013-07-16,2013-09-30,76,77.3,2,0.35,,,,,,54.0,0.635,0.111,0.074,0.315,1.0,100.0,77.0
TSLA,Tesla,stock,down,2013-09-30,2013-11-26,57,-37.7,2,0.47,,,,,,42.0,0.586,0.143,0.0,0.048,1.0,100.0,-34.4
TSLA,Tesla,stock,up,2013-11-26,2014-03-04,98,111.5,4,0.68,,,,,,66.0,0.623,0.106,0.0,0.303,1.0,100.0,109.7
TSLA,Tesla,stock,down,2014-03-04,2014-05-08,65,-29.9,1,0.34,,,,,,47.0,0.568,0.255,0.106,0.17,1.0,100.0,-28.5
TSLA,Tesla,stock,up,2014-05-08,2014-09-04,119,60.2,3,0.38,,,,,,83.0,0.55,0.325,0.084,0.0,1.0,100.0,55.3
TSLA,Tesla,stock,down,2014-09-04,2014-10-27,53,-22.5,2,0.69,,,,,,38.0,0.588,0.105,0.0,0.026,0.974,97.4,-22.5
TSLA,Tesla,stock,down,2014-11-14,2014-12-16,32,-23.5,0,-0.0,,,,,,22.0,0.583,0.136,0.045,0.045,0.909,90.9,-19.6
TSLA,Tesla,stock,up,2015-03-27,2015-07-20,115,52.6,5,0.51,,,,,,79.0,0.594,0.19,0.0,0.025,0.937,93.7,31.1
TSLA,Tesla,stock,down,2015-07-20,2015-08-24,35,-22.5,1,0.37,,,,,,26.0,0.592,0.154,0.0,0.154,1.0,100.0,-22.0
TSLA,Tesla,stock,up,2015-08-24,2015-09-21,28,20.7,0,0.0,,,,,,20.0,0.47,0.65,0.05,0.05,0.9,90.0,8.0
TSLA,Tesla,stock,down,2015-09-21,2015-10-30,39,-21.7,1,0.28,,,,,,30.0,0.621,0.033,0.0,0.1,0.833,83.3,-15.7
TSLA,Tesla,stock,down,2015-12-31,2016-02-10,41,-40.1,4,0.62,,,,,,28.0,0.518,0.321,0.036,0.036,0.571,57.1,-23.2
TSLA,Tesla,stock,up,2016-02-10,2016-04-06,56,84.7,0,0.0,11.4,-0.8,,,,39.0,0.522,0.41,0.0,0.051,0.744,74.4,57.6
TSLA,Tesla,stock,down,2016-04-06,2016-05-17,41,-22.9,1,0.2,-0.8,0.3,,,,30.0,0.581,0.1,0.0,0.033,1.0,100.0,-20.4
TSLA,Tesla,stock,up,2016-06-24,2016-07-29,35,21.6,0,0.0,6.8,4.4,,,,25.0,0.509,0.44,0.0,0.0,0.6,60.0,2.3
TSLA,Tesla,stock,down,2016-07-29,2016-11-14,108,-22.7,1,0.21,0.2,-13.8,,,,76.0,0.455,0.618,0.013,0.0,0.579,57.9,-29.3
TSLA,Tesla,stock,up,2016-11-14,2017-06-23,221,111.3,3,0.21,14.0,6.9,,,,153.0,0.561,0.34,0.092,0.0,0.941,94.1,86.4
TSLA,Tesla,stock,down,2017-06-23,2017-07-06,13,-19.5,1,0.35,-1.1,-3.2,,,,9.0,0.5,0.778,0.222,0.0,1.0,100.0,-18.3
TSLA,Tesla,stock,up,2017-07-06,2017-09-18,74,24.7,2,0.55,4.3,2.6,,,,52.0,0.513,0.404,0.173,0.0,1.0,100.0,21.5
TSLA,Tesla,stock,down,2017-09-18,2017-11-02,45,-22.3,1,0.28,3.2,-0.2,,,,34.0,0.476,0.676,0.088,0.0,1.0,100.0,-20.5
TSLA,Tesla,stock,up,2017-11-02,2018-02-26,116,19.4,1,0.34,8.4,-5.1,,,,78.0,0.488,0.513,0.038,0.0,0.833,83.3,11.1
TSLA,Tesla,stock,down,2018-02-26,2018-04-02,35,-29.4,2,0.48,-7.0,3.6,,,,25.0,0.573,0.16,0.0,0.2,0.88,88.0,-24.2
TSLA,Tesla,stock,up,2018-04-02,2018-06-18,77,46.9,1,0.24,7.4,-0.9,,,,55.0,0.555,0.309,0.073,0.0,0.673,67.3,43.1
TSLA,Tesla,stock,down,2018-06-18,2018-07-30,42,-21.8,0,-0.0,1.2,-0.8,,,,30.0,0.562,0.2,0.0,0.0,0.833,83.3,-21.5
TSLA,Tesla,stock,up,2018-07-30,2018-08-07,8,30.8,2,0.95,2.0,-0.1,,,,7.0,0.56,0.0,0.0,0.0,1.0,100.0,27.6
TSLA,Tesla,stock,down,2018-08-07,2018-09-07,31,-30.6,0,-0.0,0.7,0.6,,,,23.0,0.597,0.043,0.0,0.0,1.0,100.0,-24.8
TSLA,Tesla,stock,down,2018-10-01,2018-10-08,7,-19.4,0,-0.0,-1.3,-3.0,,,,6.0,0.517,0.667,0.333,0.0,0.833,83.3,-11.6
TSLA,Tesla,stock,up,2018-10-08,2018-12-13,66,50.4,1,0.15,-7.8,5.3,,,,47.0,0.496,0.489,0.106,0.021,0.915,91.5,27.6
TSLA,Tesla,stock,down,2018-12-13,2018-12-24,11,-21.6,1,0.33,-11.2,3.0,,,,8.0,0.527,0.25,0.0,0.0,1.0,100.0,-13.5
TSLA,Tesla,stock,down,2019-01-17,2019-06-03,137,-48.5,4,0.58,4.9,11.4,,"Demand worries, Q1 2019 loss, price cuts and a capital raise (May)",high,94.0,0.532,0.245,0.0,0.021,0.511,51.1,-17.5
TSLA,Tesla,stock,up,2019-06-03,2019-07-24,51,48.0,1,0.2,10.3,-0.3,,,,37.0,0.539,0.351,0.081,0.0,0.784,78.4,6.3
TSLA,Tesla,stock,down,2019-07-24,2019-08-23,30,-20.2,1,0.65,-5.5,11.0,,,,23.0,0.493,0.652,0.0,0.0,0.652,65.2,-27.8
TSLA,Tesla,stock,up,2019-08-23,2020-02-04,165,319.6,6,0.51,16.6,-0.6,,"Surprise Q3 2019 profit, Shanghai factory ramp, short squeeze",high,113.0,0.522,0.345,0.053,0.115,0.876,87.6,232.5
TSLA,Tesla,stock,up,2020-02-05,2020-02-19,14,24.9,0,0.0,1.6,2.5,,,,10.0,0.552,0.1,0.0,0.6,1.0,100.0,22.4
TSLA,Tesla,stock,down,2020-02-19,2020-03-18,28,-60.6,2,0.38,-30.3,-0.7,,COVID crash after the parabolic run-up,high,21.0,0.582,0.238,0.0,0.143,1.0,100.0,-53.4
TSLA,Tesla,stock,up,2020-03-18,2020-03-25,7,49.3,1,0.42,5.3,12.6,,,,6.0,0.575,0.167,0.0,0.0,1.0,100.0,46.2
TSLA,Tesla,stock,up,2020-04-02,2020-07-20,109,261.5,3,0.22,29.3,-0.2,,Consecutive profitable quarters and S&P 500 inclusion speculation,high,75.0,0.535,0.387,0.08,0.24,1.0,100.0,245.1
TSLA,Tesla,stock,up,2020-08-11,2020-08-31,20,81.3,2,0.41,5.1,-2.9,,,,15.0,0.617,0.0,0.0,0.4,1.0,100.0,72.8
TSLA,Tesla,stock,down,2020-08-31,2020-09-08,8,-33.7,1,0.57,-4.7,1.1,,,,6.0,0.586,0.0,0.0,0.167,1.0,100.0,-26.5
TSLA,Tesla,stock,up,2020-09-08,2020-09-15,7,36.2,0,0.0,2.1,0.2,,,,6.0,0.569,0.167,0.0,0.167,1.0,100.0,33.8
TSLA,Tesla,stock,up,2020-09-23,2020-10-14,21,21.3,0,0.0,7.9,-1.3,,,,16.0,0.518,0.375,0.0,0.062,1.0,100.0,18.0
TSLA,Tesla,stock,up,2020-10-30,2021-01-26,88,127.6,2,0.21,18.0,-2.3,,,,59.0,0.652,0.051,0.0,0.61,1.0,100.0,122.7
TSLA,Tesla,stock,down,2021-01-26,2021-03-08,41,-36.2,1,0.2,-0.5,-9.9,,,,29.0,0.614,0.034,0.0,0.207,1.0,100.0,-23.7
TSLA,Tesla,stock,up,2021-03-08,2021-04-13,36,35.4,2,0.86,8.5,0.6,,,,26.0,0.521,0.346,0.0,0.077,1.0,100.0,30.1
TSLA,Tesla,stock,down,2021-04-13,2021-05-19,36,-26.1,0,-0.0,-0.5,-1.6,,,,27.0,0.601,0.037,0.0,0.111,1.0,100.0,-23.0
TSLA,Tesla,stock,up,2021-05-19,2021-11-04,169,118.3,3,0.32,14.4,8.9,,,,119.0,0.595,0.16,0.0,0.286,0.966,96.6,103.1
TSLA,Tesla,stock,down,2021-11-04,2021-12-20,46,-26.8,1,0.41,-2.2,2.0,,,,32.0,0.568,0.219,0.0,0.312,1.0,100.0,-23.7
TSLA,Tesla,stock,up,2021-12-20,2022-01-03,14,33.3,1,0.44,5.0,-3.6,,,,10.0,0.493,0.6,0.1,0.3,1.0,100.0,27.7
TSLA,Tesla,stock,down,2022-01-03,2022-02-23,51,-36.3,1,0.27,-11.6,-5.2,,,,36.0,0.479,0.611,0.0,0.167,1.0,100.0,-33.3
TSLA,Tesla,stock,up,2022-02-23,2022-04-04,40,49.9,0,0.0,8.6,-3.5,,,,29.0,0.539,0.586,0.103,0.345,1.0,100.0,42.8
TSLA,Tesla,stock,down,2022-04-04,2022-05-24,50,-45.2,1,0.22,-13.8,-9.4,,,,36.0,0.497,0.556,0.028,0.139,0.944,94.4,-42.6
TSLA,Tesla,stock,up,2022-05-24,2022-06-02,9,23.4,0,0.0,6.0,-2.0,,,,7.0,0.367,1.0,0.143,0.0,1.0,100.0,12.0
TSLA,Tesla,stock,up,2022-06-16,2022-08-15,60,45.2,1,0.25,17.5,3.7,,,,41.0,0.564,0.244,0.0,0.366,0.902,90.2,41.1
TSLA,Tesla,stock,down,2022-08-15,2022-11-21,98,-45.7,2,0.26,-7.6,-12.7,,Musk sold shares to fund the Twitter purchase; rates; China demand,high,70.0,0.573,0.329,0.0,0.329,0.886,88.6,-42.7
TSLA,Tesla,stock,down,2022-12-02,2023-01-03,32,-44.5,2,0.43,-6.0,-5.0,,,,21.0,0.407,0.952,0.476,0.0,0.19,19.0,-16.3
TSLA,Tesla,stock,up,2023-01-03,2023-02-15,43,98.2,0,0.0,8.7,1.8,,,,31.0,0.462,0.548,0.258,0.161,0.742,74.2,52.1
TSLA,Tesla,stock,down,2023-02-15,2023-03-09,22,-19.3,0,-0.0,-5.4,-0.7,,,,16.0,0.523,0.312,0.062,0.25,0.688,68.8,-14.6
TSLA,Tesla,stock,up,2023-03-09,2023-03-31,22,20.0,0,0.0,5.0,4.2,,,,17.0,0.472,0.706,0.294,0.0,0.765,76.5,17.9
TSLA,Tesla,stock,down,2023-03-31,2023-04-26,26,-25.9,1,0.34,-1.2,-0.3,,,,18.0,0.419,0.833,0.167,0.0,0.5,50.0,-14.9
TSLA,Tesla,stock,up,2023-04-26,2023-07-18,83,90.8,1,0.08,12.7,-3.0,,,,57.0,0.511,0.456,0.053,0.368,0.807,80.7,74.2
TSLA,Tesla,stock,down,2023-07-18,2023-08-18,31,-26.5,1,0.33,-3.9,-7.6,,,,24.0,0.453,0.75,0.042,0.0,1.0,100.0,-21.2
TSLA,Tesla,stock,up,2023-08-18,2023-09-14,27,28.1,3,0.97,3.2,0.0,,,,19.0,0.411,0.789,0.0,0.105,1.0,100.0,27.3
TSLA,Tesla,stock,down,2023-09-14,2023-10-30,46,-28.5,1,0.29,-7.4,-9.9,,,,33.0,0.456,0.727,0.182,0.212,0.97,97.0,-28.5
TSLA,Tesla,stock,up,2023-10-30,2023-12-27,58,32.5,1,0.17,15.1,20.8,{'Fed / rates': 1},,,41.0,0.491,0.634,0.098,0.268,0.951,95.1,24.4
TSLA,Tesla,stock,down,2023-12-27,2024-04-22,117,-45.7,2,0.33,5.2,-10.6,"{'Fed / rates': 18, 'earnings / guidance': 7, 'AI / product': 6}","Price cuts, Q1 2024 delivery miss, Cybertruck recall, layoffs",high,80.0,0.53,0.338,0.0,0.113,0.237,23.8,-26.1
TSLA,Tesla,stock,up,2024-04-22,2024-07-10,79,85.3,4,0.67,12.7,5.2,"{'Fed / rates': 15, 'earnings / guidance': 11, 'AI / product': 7}",,,55.0,0.478,0.527,0.0,0.2,0.564,56.4,34.1
TSLA,Tesla,stock,down,2024-07-10,2024-08-07,28,-27.2,2,0.69,-7.6,3.9,"{'earnings / guidance': 7, 'Fed / rates': 4, 'macro sell-off': 3}",,,21.0,0.424,0.952,0.0,0.048,0.952,95.2,-25.1
TSLA,Tesla,stock,up,2024-08-07,2024-09-30,54,36.4,0,0.0,11.0,2.6,"{'Fed / rates': 6, 'AI / product': 6, 'earnings / guidance': 2}",,,38.0,0.404,0.974,0.0,0.105,1.0,100.0,34.6
TSLA,Tesla,stock,up,2024-10-23,2024-12-17,55,124.6,2,0.41,4.6,-0.9,"{'Fed / rates': 10, 'geopolitics': 5, 'earnings / guidance': 4}",,,39.0,0.381,0.949,0.0,0.231,1.0,100.0,106.0
TSLA,Tesla,stock,down,2024-12-17,2025-03-10,83,-53.7,3,0.44,-6.9,1.5,"{'Fed / rates': 8, 'macro sell-off': 7, 'AI / product': 4}","Post-election rally unwound: brand backlash over Musk's DOGE role, falling deliveries, tariffs",high,55.0,0.442,0.873,0.109,0.018,1.0,100.0,-51.9
TSLA,Tesla,stock,up,2025-03-10,2025-03-25,15,29.7,0,0.0,3.0,-1.4,"{'macro sell-off': 4, 'tariffs': 3, 'AI / product': 3}",,,12.0,0.485,0.5,0.0,0.0,0.917,91.7,18.3
TSLA,Tesla,stock,down,2025-03-25,2025-04-08,14,-23.0,0,-0.0,-13.7,-1.2,"{'tariffs': 6, 'macro sell-off': 3, 'geopolitics': 3}",,,11.0,0.506,0.364,0.0,0.0,0.545,54.5,20.7
TSLA,Tesla,stock,up,2025-04-08,2025-04-09,1,22.7,1,1.0,10.5,0.6,"{'tariffs': 4, 'macro sell-off': 3, 'Fed / rates': 1}",,,,,,,,,,
TSLA,Tesla,stock,up,2025-04-21,2025-05-27,36,59.5,0,0.0,15.0,0.0,"{'geopolitics': 8, 'tariffs': 6, 'Fed / rates': 3}",,,26.0,0.501,0.577,0.0,0.308,0.885,88.5,44.8
TSLA,Tesla,stock,down,2025-05-27,2025-06-05,9,-21.5,1,0.63,0.3,1.2,"{'geopolitics': 2, 'Fed / rates': 1, 'flows': 1}",,,8.0,0.46,0.75,0.0,0.125,0.875,87.5,-21.5
TSLA,Tesla,stock,up,2025-06-05,2025-06-23,18,22.5,0,0.0,1.5,0.4,"{'management': 3, 'geopolitics': 2, 'AI / product': 1}",,,12.0,0.464,0.667,0.0,0.0,0.917,91.7,15.4
TSLA,Tesla,stock,up,2025-07-07,2025-11-03,119,59.3,3,0.41,10.4,5.7,"{'earnings / guidance': 6, 'Fed / rates': 5, 'flows': 5}",,,85.0,0.447,0.824,0.106,0.118,0.929,92.9,34.2
TSLA,Tesla,stock,up,2025-11-21,2025-12-16,25,25.3,0,0.0,3.0,-1.5,"{'macro sell-off': 2, 'Fed / rates': 1, 'earnings / guidance': 1}",,,17.0,0.486,0.529,0.059,0.118,1.0,100.0,19.5
TSLA,Tesla,stock,down,2025-12-16,2026-04-08,113,-29.9,0,-0.0,0.2,0.4,"{'geopolitics': 11, 'Fed / rates': 5, 'earnings / guidance': 5}",,,77.0,0.411,0.87,0.429,0.026,1.0,100.0,-29.4
TSLA,Tesla,stock,up,2026-04-08,2026-05-13,35,29.7,1,0.28,9.8,-2.1,"{'geopolitics': 12, 'Fed / rates': 2, 'earnings / guidance': 2}",,,26.0,0.574,0.231,0.154,0.615,0.615,61.5,14.9
TSLA,Tesla,stock,down,2026-05-13,2026-07-29,77,-33.0,1,0.39,-1.5,-1.6,"{'geopolitics': 9, 'macro sell-off': 7, 'Fed / rates': 5}",,,53.0,0.514,0.472,0.0,0.019,0.887,88.7,-32.7
TSLA,Tesla,stock,up,2026-07-29,2026-08-31,33,23.3,0,0.0,5.5,0.4,"{'macro sell-off': 5, 'geopolitics': 4, 'Fed / rates': 3}",,,24.0,0.561,0.263,0.0,0.083,0.583,58.3,21.2
NVDA,Nvidia,stock,up,2010-01-29,2010-03-17,47,17.6,0,0.0,,,,,,,,,,,,,
NVDA,Nvidia,stock,down,2010-03-17,2010-06-09,84,-39.7,3,0.46,,,,Fermi GPU delays; euro crisis and the flash crash,medium,15.0,0.196,1.0,0.067,0.0,0.133,13.3,-2.2
NVDA,Nvidia,stock,down,2010-06-18,2010-08-11,54,-27.8,1,0.32,,,,,,38.0,0.235,1.0,0.395,0.0,0.526,52.6,-16.9
NVDA,Nvidia,stock,up,2010-08-11,2010-09-24,44,38.1,0,0.0,,,,,,32.0,0.248,1.0,0.0,0.0,0.625,62.5,31.3
NVDA,Nvidia,stock,up,2010-10-07,2011-02-04,120,139.9,5,0.52,,,,,,84.0,0.637,0.155,0.0,0.702,0.952,95.2,123.2
NVDA,Nvidia,stock,down,2011-02-17,2011-04-11,53,-32.6,0,-0.0,,,,,,37.0,0.553,0.189,0.0,0.135,1.0,100.0,-32.4
NVDA,Nvidia,stock,up,2011-04-11,2011-05-12,31,18.4,0,0.0,,,,,,23.0,0.715,0.0,0.0,0.913,1.0,100.0,5.4
NVDA,Nvidia,stock,down,2011-05-31,2011-08-08,69,-40.5,1,0.19,,,,PC and Tegra weakness into the debt-ceiling downgrade crash,medium,49.0,0.544,0.347,0.041,0.265,0.98,98.0,-37.2
NVDA,Nvidia,stock,up,2011-08-19,2011-09-15,27,32.1,0,0.0,,,,,,19.0,0.396,0.895,0.684,0.0,0.737,73.7,20.5
NVDA,Nvidia,stock,down,2011-09-15,2011-10-03,18,-23.8,0,-0.0,,,,,,13.0,0.513,0.615,0.077,0.077,0.692,69.2,-16.2
NVDA,Nvidia,stock,up,2011-10-03,2011-10-14,11,33.1,1,0.31,,,,,,10.0,0.477,0.8,0.0,0.0,0.7,70.0,32.1
NVDA,Nvidia,stock,down,2011-12-01,2011-12-19,18,-16.8,0,-0.0,,,,,,13.0,0.569,0.385,0.0,0.231,0.154,15.4,-3.1
NVDA,Nvidia,stock,up,2011-12-19,2012-02-16,59,25.0,0,0.0,,,,,,41.0,0.596,0.268,0.0,0.39,0.707,70.7,20.9
NVDA,Nvidia,stock,down,2012-02-16,2012-06-04,109,-28.7,1,0.11,,,,,,75.0,0.466,0.72,0.053,0.147,0.6,60.0,-23.6
NVDA,Nvidia,stock,up,2012-06-04,2012-08-13,70,26.3,1,0.28,,,,,,50.0,0.597,0.04,0.0,0.22,0.76,76.0,12.1
NVDA,Nvidia,stock,down,2012-08-13,2012-11-16,95,-23.2,2,0.44,,,,,,67.0,0.453,0.657,0.0,0.164,0.821,82.1,-6.1
NVDA,Nvidia,stock,up,2012-11-16,2014-09-04,657,83.5,8,0.63,,,,,,452.0,0.487,0.544,0.133,0.084,0.894,89.4,55.8
NVDA,Nvidia,stock,down,2014-09-04,2014-10-13,39,-16.2,1,0.35,,,,,,28.0,0.609,0.214,0.036,0.321,1.0,100.0,-14.2
NVDA,Nvidia,stock,up,2014-10-13,2015-03-20,158,40.9,2,0.32,,,,,,110.0,0.473,0.564,0.055,0.036,0.991,99.1,30.8
NVDA,Nvidia,stock,down,2015-03-20,2015-07-27,129,-17.3,3,0.9,,,,,,89.0,0.558,0.236,0.011,0.191,0.989,98.9,-16.7
NVDA,Nvidia,stock,up,2015-07-27,2015-08-10,14,23.1,1,0.56,,,,,,11.0,0.438,0.909,0.273,0.0,0.727,72.7,21.6
NVDA,Nvidia,stock,up,2015-08-25,2015-12-04,101,67.1,1,0.25,,,,,,72.0,0.586,0.111,0.0,0.208,0.986,98.6,52.4
NVDA,Nvidia,stock,down,2015-12-04,2016-02-08,66,-25.3,3,0.56,,,,,,44.0,0.615,0.182,0.0,0.273,1.0,100.0,-24.5
NVDA,Nvidia,stock,up,2016-02-08,2016-12-27,323,369.7,7,0.46,24.0,-8.7,,"Pascal GPUs, datacenter/AI and automotive re-rating",high,225.0,0.593,0.24,0.018,0.218,1.0,100.0,337.4
NVDA,Nvidia,stock,up,2017-01-17,2017-02-07,21,17.8,0,0.0,1.2,-1.4,,,,16.0,0.681,0.0,0.0,0.688,1.0,100.0,17.3
NVDA,Nvidia,stock,down,2017-02-07,2017-03-06,27,-17.9,1,0.49,3.9,-1.3,,,,19.0,0.668,0.0,0.0,0.684,1.0,100.0,-17.0
NVDA,Nvidia,stock,up,2017-04-13,2017-06-08,56,67.7,1,0.32,4.8,1.3,,,,39.0,0.626,0.103,0.0,0.205,1.0,100.0,56.8
NVDA,Nvidia,stock,up,2017-07-03,2017-11-24,144,56.0,4,0.5,8.0,2.8,,,,102.0,0.631,0.059,0.0,0.265,1.0,100.0,53.9
NVDA,Nvidia,stock,up,2017-12-13,2018-01-29,47,32.6,1,0.23,7.3,-3.4,,,,31.0,0.648,0.032,0.0,0.258,1.0,100.0,30.4
NVDA,Nvidia,stock,up,2018-02-05,2018-03-16,39,17.3,0,0.0,4.2,-0.5,,,,29.0,0.706,0.034,0.0,0.793,1.0,100.0,12.8
NVDA,Nvidia,stock,up,2018-04-06,2018-06-14,69,24.7,0,0.0,7.3,-0.2,,,,49.0,0.624,0.102,0.0,0.429,1.0,100.0,23.9
NVDA,Nvidia,stock,up,2018-06-27,2018-10-01,96,22.8,1,0.24,8.6,-4.0,,,,67.0,0.621,0.134,0.0,0.567,1.0,100.0,21.6
NVDA,Nvidia,stock,down,2018-10-01,2018-10-29,28,-35.9,2,0.41,-9.6,-1.2,,Crypto-mining hangover and channel inventory in the October 2018 sell-off,high,21.0,0.673,0.0,0.0,0.667,0.762,76.2,-28.9
NVDA,Nvidia,stock,up,2018-10-29,2018-11-01,3,17.5,0,0.0,3.7,-0.9,,,,4.0,0.621,0.0,0.0,0.0,1.0,100.0,15.8
NVDA,Nvidia,stock,down,2018-11-01,2018-11-19,18,-33.7,1,0.51,-1.6,1.4,,,,13.0,0.688,0.0,0.0,0.308,1.0,100.0,-31.6
NVDA,Nvidia,stock,up,2018-11-19,2018-12-03,14,17.6,0,0.0,3.8,1.0,,,,10.0,0.605,0.0,0.0,0.2,1.0,100.0,8.7
NVDA,Nvidia,stock,down,2018-12-03,2018-12-24,21,-25.3,0,-0.0,-15.6,5.0,,,,15.0,0.589,0.067,0.0,0.133,0.933,93.3,-21.7
NVDA,Nvidia,stock,up,2018-12-24,2019-01-25,32,26.0,0,0.0,13.4,-0.6,,,,22.0,0.575,0.364,0.045,0.227,0.727,72.7,7.1
NVDA,Nvidia,stock,down,2019-01-25,2019-01-29,4,-17.8,1,0.76,-0.8,0.4,,,,3.0,0.478,1.0,0.0,0.0,0.667,66.7,-10.0
NVDA,Nvidia,stock,up,2019-01-29,2019-04-10,71,46.1,1,0.18,9.9,3.4,,,,51.0,0.521,0.412,0.0,0.098,0.863,86.3,45.7
NVDA,Nvidia,stock,down,2019-04-10,2019-06-03,54,-30.3,2,0.31,-4.7,7.0,,,,37.0,0.609,0.189,0.027,0.432,0.73,73.0,-24.5
NVDA,Nvidia,stock,up,2019-06-03,2019-07-24,51,33.5,1,0.23,10.3,-0.3,,,,37.0,0.546,0.324,0.0,0.324,0.649,64.9,4.7
NVDA,Nvidia,stock,down,2019-07-24,2019-08-15,22,-16.7,1,0.36,-5.6,12.0,,,,17.0,0.578,0.118,0.0,0.118,0.706,70.6,-20.1
NVDA,Nvidia,stock,up,2019-08-15,2020-02-19,188,111.9,4,0.32,20.0,-0.2,,,,129.0,0.547,0.279,0.008,0.209,0.992,99.2,93.8
NVDA,Nvidia,stock,down,2020-02-19,2020-02-27,8,-19.7,0,-0.0,-12.0,4.4,,,,7.0,0.567,0.143,0.0,0.143,1.0,100.0,-14.1
NVDA,Nvidia,stock,down,2020-03-04,2020-03-16,12,-31.0,1,0.55,-23.0,6.0,,,,9.0,0.537,0.333,0.0,0.0,1.0,100.0,-23.6
NVDA,Nvidia,stock,up,2020-03-16,2020-09-02,170,192.4,2,0.11,49.9,1.7,,"Datacenter and gaming boom, Mellanox, the Arm bid",high,120.0,0.573,0.183,0.058,0.242,1.0,100.0,165.3
NVDA,Nvidia,stock,down,2020-09-02,2020-09-08,6,-17.0,1,0.52,-6.9,-1.0,,,,4.0,0.608,0.0,0.0,0.5,1.0,100.0,-11.4
NVDA,Nvidia,stock,up,2020-09-08,2020-10-13,35,19.6,0,0.0,5.5,-1.1,,,,26.0,0.674,0.0,0.0,0.615,1.0,100.0,18.3
NVDA,Nvidia,stock,up,2020-10-30,2020-11-06,7,16.2,0,0.0,7.2,1.3,,,,6.0,0.678,0.0,0.0,0.5,1.0,100.0,8.8
NVDA,Nvidia,stock,up,2021-01-06,2021-02-16,41,21.5,2,0.6,5.1,-5.3,,,,28.0,0.632,0.036,0.0,0.714,1.0,100.0,18.2
NVDA,Nvidia,stock,down,2021-02-16,2021-03-08,20,-24.4,1,0.31,-2.7,-4.7,,,,15.0,0.622,0.133,0.0,0.4,0.933,93.3,-24.4
NVDA,Nvidia,stock,up,2021-03-08,2021-04-15,38,39.2,1,0.17,9.3,2.0,,,,28.0,0.566,0.179,0.0,0.179,0.964,96.4,27.1
NVDA,Nvidia,stock,down,2021-04-15,2021-05-13,28,-15.3,0,-0.0,-1.3,-3.1,,,,21.0,0.659,0.095,0.0,0.762,1.0,100.0,-11.7
NVDA,Nvidia,stock,up,2021-05-13,2021-07-06,54,51.5,2,0.23,5.9,8.3,,,,37.0,0.584,0.324,0.0,0.189,1.0,100.0,49.1
NVDA,Nvidia,stock,up,2021-07-16,2021-09-03,49,25.8,3,0.62,5.0,0.2,,,,36.0,0.633,0.0,0.0,0.639,1.0,100.0,24.8
NVDA,Nvidia,stock,up,2021-10-04,2021-11-29,56,69.1,2,0.34,8.4,3.1,,,,40.0,0.623,0.0,0.0,0.35,1.0,100.0,65.6
NVDA,Nvidia,stock,down,2021-11-29,2021-12-20,21,-16.9,0,-0.0,-1.7,0.5,,,,16.0,0.654,0.0,0.0,0.5,1.0,100.0,-12.9
NVDA,Nvidia,stock,down,2021-12-27,2022-01-27,31,-29.1,0,-0.0,-9.6,-3.9,,,,23.0,0.653,0.0,0.0,0.478,1.0,100.0,-26.2
NVDA,Nvidia,stock,up,2022-01-27,2022-02-09,13,21.7,0,0.0,6.1,-3.1,,,,10.0,0.623,0.0,0.0,0.7,1.0,100.0,17.7
NVDA,Nvidia,stock,down,2022-02-09,2022-03-14,33,-20.1,0,-0.0,-8.9,-4.7,,,,23.0,0.572,0.043,0.0,0.478,0.913,91.3,-16.0
NVDA,Nvidia,stock,up,2022-03-14,2022-03-29,15,34.3,0,0.0,11.0,-0.8,,,,12.0,0.565,0.0,0.0,0.333,1.0,100.0,29.8
NVDA,Nvidia,stock,down,2022-03-29,2022-05-12,44,-43.6,0,-0.0,-15.0,-9.7,,Rates; collapse of crypto-mining GPU demand and gaming inventory,high,32.0,0.592,0.062,0.0,0.062,0.875,87.5,-34.6
NVDA,Nvidia,stock,up,2022-05-12,2022-06-02,21,21.1,0,0.0,6.4,-1.0,,,,15.0,0.541,0.333,0.0,0.133,0.733,73.3,16.3
NVDA,Nvidia,stock,down,2022-06-02,2022-07-01,29,-25.9,0,-0.0,-8.3,-0.2,,,,21.0,0.627,0.0,0.0,0.19,0.429,42.9,7.8
NVDA,Nvidia,stock,up,2022-07-01,2022-08-04,34,32.3,0,0.0,8.6,3.2,,,,24.0,0.567,0.292,0.0,0.167,0.75,75.0,29.0
NVDA,Nvidia,stock,down,2022-08-04,2022-10-14,71,-41.6,2,0.37,-13.3,-17.0,,Q2 gaming miss; U.S. export restrictions on A100/H100 to China (31 Aug); Fed,high,51.0,0.499,0.529,0.0,0.098,0.608,60.8,-27.7
NVDA,Nvidia,stock,up,2022-10-14,2022-12-13,60,61.0,1,0.28,12.4,9.8,,,,42.0,0.451,0.786,0.0,0.119,0.619,61.9,13.8
NVDA,Nvidia,stock,down,2022-12-13,2022-12-28,15,-22.3,0,-0.0,-5.9,-7.3,,,,11.0,0.535,0.364,0.0,0.273,0.909,90.9,-13.1
NVDA,Nvidia,stock,up,2022-12-28,2023-07-18,202,238.5,2,0.29,21.5,3.8,,ChatGPT-driven AI capex boom; the May 2023 guidance shock,high,138.0,0.574,0.167,0.029,0.123,0.964,96.4,237.4
NVDA,Nvidia,stock,up,2023-08-11,2023-08-31,20,20.8,2,0.79,1.1,1.3,,,,15.0,0.58,0.2,0.0,0.6,1.0,100.0,18.7
NVDA,Nvidia,stock,down,2023-08-31,2023-09-21,21,-16.9,0,-0.0,-3.9,-5.9,,,,15.0,0.538,0.267,0.0,0.133,1.0,100.0,-15.7
NVDA,Nvidia,stock,up,2023-10-26,2024-03-25,151,135.6,3,0.31,26.9,12.1,"{'Fed / rates': 17, 'AI / product': 6, 'macro sell-off': 5}",,,103.0,0.604,0.097,0.0,0.291,1.0,100.0,129.6
NVDA,Nvidia,stock,down,2024-03-25,2024-04-19,25,-19.8,1,0.48,-4.7,-4.3,"{'Fed / rates': 6, 'macro sell-off': 3, 'earnings / guidance': 2}",,,19.0,0.556,0.368,0.0,0.421,1.0,100.0,-16.3
NVDA,Nvidia,stock,up,2024-04-19,2024-06-18,60,77.9,1,0.15,10.8,6.8,"{'Fed / rates': 13, 'earnings / guidance': 12, 'AI / product': 10}",,,42.0,0.602,0.286,0.0,0.095,1.0,100.0,71.6
NVDA,Nvidia,stock,down,2024-07-10,2024-07-30,20,-23.1,0,-0.0,-3.4,1.3,"{'AI / product': 7, 'geopolitics': 5, 'macro sell-off': 4}",,,15.0,0.512,0.533,0.0,0.133,1.0,100.0,-13.3
NVDA,Nvidia,stock,down,2024-07-31,2024-08-07,7,-15.5,0,-0.0,-5.8,1.5,"{'macro sell-off': 5, 'Fed / rates': 2}",,,6.0,0.419,0.833,0.0,0.0,1.0,100.0,-10.3
NVDA,Nvidia,stock,up,2024-08-07,2024-08-19,12,31.4,0,0.0,7.9,2.1,"{'Fed / rates': 1, 'AI / product': 1, 'macro sell-off': 1}",,,9.0,0.535,0.444,0.0,0.0,1.0,100.0,28.7
NVDA,Nvidia,stock,down,2024-08-19,2024-09-06,18,-20.9,0,-0.0,-3.4,2.0,"{'Fed / rates': 7, 'earnings / guidance': 6, 'AI / product': 6}",,,14.0,0.551,0.429,0.071,0.0,1.0,100.0,-18.1
NVDA,Nvidia,stock,up,2024-09-06,2024-11-07,62,44.8,0,0.0,10.6,-7.7,"{'Fed / rates': 13, 'AI / product': 8, 'earnings / guidance': 7}",,,45.0,0.572,0.222,0.0,0.133,1.0,100.0,43.6
NVDA,Nvidia,stock,up,2024-12-18,2025-01-06,19,15.9,0,0.0,1.9,-2.5,"{'AI / product': 1, 'management': 1}",,,12.0,0.582,0.0,0.0,0.583,1.0,100.0,8.7
NVDA,Nvidia,stock,down,2025-01-23,2025-02-03,11,-20.8,1,0.8,-2.0,1.9,"{'AI / product': 2, 'macro sell-off': 2, 'tariffs': 1}",,,8.0,0.521,0.5,0.0,0.0,0.75,75.0,-18.4
NVDA,Nvidia,stock,up,2025-02-03,2025-02-20,17,20.1,0,0.0,2.1,0.4,"{'tariffs': 2, 'Fed / rates': 2, 'earnings / guidance': 2}",,,13.0,0.615,0.077,0.0,0.154,0.846,84.6,7.7
NVDA,Nvidia,stock,down,2025-02-20,2025-03-10,18,-23.6,2,0.67,-8.2,3.2,"{'macro sell-off': 8, 'earnings / guidance': 4, 'tariffs': 3}",,,13.0,0.5,0.692,0.0,0.154,0.846,84.6,-16.4
NVDA,Nvidia,stock,down,2025-03-14,2025-04-04,21,-22.5,0,-0.0,-10.0,3.3,"{'AI / product': 4, 'macro sell-off': 4, 'tariffs': 3}",,,16.0,0.513,0.375,0.0,0.188,0.938,93.8,-18.3
NVDA,Nvidia,stock,up,2025-04-04,2025-04-09,5,21.2,1,0.89,8.6,-4.3,"{'tariffs': 5, 'macro sell-off': 4, 'geopolitics': 2}",,,4.0,0.504,0.5,0.0,0.0,1.0,100.0,14.1
NVDA,Nvidia,stock,down,2025-04-09,2025-04-21,12,-15.2,0,-0.0,-6.3,-3.2,"{'Fed / rates': 4, 'macro sell-off': 2, 'regulation / legal': 1}",,,8.0,0.533,0.25,0.0,0.0,0.625,62.5,-5.6
NVDA,Nvidia,stock,up,2025-04-21,2025-10-29,191,113.7,1,0.05,34.5,8.3,"{'Fed / rates': 14, 'geopolitics': 14, 'earnings / guidance': 13}",,,134.0,0.606,0.06,0.0,0.388,0.978,97.8,115.3
NVDA,Nvidia,stock,down,2025-10-29,2025-12-17,49,-17.4,0,-0.0,-2.3,-2.9,"{'AI / product': 13, 'macro sell-off': 9, 'flows': 6}",,,35.0,0.601,0.057,0.0,0.171,1.0,100.0,-15.9
NVDA,Nvidia,stock,down,2026-02-25,2026-03-30,33,-15.5,0,-0.0,-8.6,-3.2,"{'geopolitics': 8, 'macro sell-off': 6, 'Fed / rates': 2}",,,24.0,0.568,0.25,0.0,0.292,1.0,100.0,-10.8
NVDA,Nvidia,stock,up,2026-03-30,2026-05-14,45,42.7,2,0.31,18.4,-1.4,"{'geopolitics': 14, 'AI / product': 6, 'macro sell-off': 4}",,,33.0,0.573,0.303,0.0,0.121,1.0,100.0,36.4
NVDA,Nvidia,stock,down,2026-05-14,2026-07-29,76,-19.3,0,-0.0,-2.2,-1.7,"{'geopolitics': 15, 'macro sell-off': 11, 'AI / product': 10}",,,52.0,0.507,0.538,0.0,0.154,1.0,100.0,-17.2
NVDA,Nvidia,stock,up,2026-07-29,2026-08-27,29,20.0,1,0.46,5.7,0.7,"{'macro sell-off': 6, 'geopolitics': 6, 'earnings / guidance': 4}",,,22.0,0.445,0.737,0.0,0.091,1.0,100.0,14.5
